account_id,platform,platform_key,handle,latest_success,latest_event_id,latest_snapshot_id,daily_required,latest_attempt,status,error_message,status_detail,updated_today,snapshot_age_days,value_state,collection_mode,category,source_type
girlfriend-instagram,Instagram,instagram,officialladysublime,2026-07-26T08:05:25-04:00,754,487,True,2026-07-26T08:05:25-04:00,ok,,Exact source data was collected today.,True,0,current,automatic,follower,instagram
girlfriend-x,X,x,LadySublimeBBW,2026-07-26T08:05:31-04:00,758,491,True,2026-07-26T08:05:31-04:00,ok,,Exact source data was collected today.,True,0,current,automatic,follower,x
lady-sublime-facebook-page,Facebook Page,facebook,Lady Sublime,2026-07-26T08:05:27-04:00,755,488,True,2026-07-26T08:05:27-04:00,ok,,Exact source data was collected today.,True,0,current,automatic,follower,facebook
lady-sublime-threads,Threads,threads,officialladysublime,2026-07-26T08:03:17-04:00,746,484,True,2026-07-26T08:03:17-04:00,ok,,Exact source data was collected today.,True,0,current,persistent_browser,follower,threads
lady-sublime-onlyfans,OnlyFans,onlyfans,LadySublimeSSBBW,2026-07-20T13:54:06-04:00,765,435,True,2026-07-26T08:05:25-04:00,awaiting_manual,No exact user-supplied value was recorded for 2026-07-26; the last-good value is carried forward.,No exact user-supplied value was recorded for 2026-07-26; the last-good value is carried forward.,False,6,carried_forward,manual,follower,onlyfans
lady-sublime-curvage,Curvage,curvage,https://curvage.org/forum/index.php?/profile/212446-ladysublimessbbw/,2026-07-26T08:08:12-04:00,768,495,True,2026-07-26T08:08:12-04:00,ok,,Exact source data was collected today.,True,0,current,automatic_then_real_chrome,follower,curvage
lady-sublime-reddit-profile,Reddit Profile,reddit,LadySublimeSSBBW,2026-07-26T08:04:13-04:00,748,485,True,2026-07-26T08:04:13-04:00,ok,,Exact source data was collected today.,True,0,current,persistent_browser_then_real_chrome,follower,reddit
girlfriend-tiktok,TikTok,tiktok,ladysublimessbbw,2026-07-26T08:05:30-04:00,756,489,True,2026-07-26T08:05:30-04:00,ok,,Exact source data was collected today.,True,0,current,automatic,follower,tiktok
girlfriend-youtube,YouTube,youtube,@ladysublimessbbw,2026-07-26T08:05:31-04:00,757,490,True,2026-07-26T08:05:31-04:00,ok,,Exact source data was collected today.,True,0,current,automatic,follower,youtube
lady-sublime-manyvids,ManyVids,manyvids,LadySublimeSSBBW,2026-07-26T08:05:32-04:00,761,494,True,2026-07-26T08:05:32-04:00,ok,,Exact source data was collected today.,True,0,current,automatic,follower,manyvids
lady-sublime-clips4sale,Clips4Sale,clips4sale,Lady Sublime SSBBW,2026-07-26T08:05:31-04:00,760,493,True,2026-07-26T08:05:31-04:00,ok,,Exact source data was collected today.,True,0,current,automatic,follower,clips4sale
lady-sublime-feabie,Feabie,feabie,LadySublimeSSBBW,2026-07-26T08:04:58-04:00,749,486,True,2026-07-26T08:04:58-04:00,ok,,Exact source data was collected today.,True,0,current,persistent_browser_then_real_chrome,follower,feabie
lady-sublime-bluesky,Bluesky,bluesky,ladysublimessbbw.bsky.social,2026-07-26T08:05:31-04:00,759,492,True,2026-07-26T08:05:31-04:00,ok,,Exact source data was collected today.,True,0,current,automatic,follower,bluesky
lady-sublime-beacons:ga4,Beacons GA4,ga4,Lady Sublime Beacons / Link in Bio,2026-07-26T08:05:13-04:00,750,90,True,2026-07-26T08:05:13-04:00,ok,,Exact source data was collected today.,True,0,current,automatic,analytics,ga4
lady-sublime-beacons,Beacons Link in Bio,link_analytics,beacons,2026-07-26T08:08:59-04:00,770,19,True,2026-07-26T08:08:59-04:00,ok,,Exact source data was collected today.,True,0,current,real_chrome,analytics,link_analytics
lady-sublime-beacons:beacons_social,Beacons Social Analytics,beacons_social,beacons,2026-07-26T08:08:45-04:00,769,14,True,2026-07-26T08:08:45-04:00,ok,,Exact source data was collected today.,True,0,current,real_chrome,analytics,beacons_social
lady-sublime-clips4sale:ga4,Clips4Sale GA4,ga4,Lady Sublime C4S,2026-07-26T08:05:17-04:00,751,91,True,2026-07-26T08:05:17-04:00,ok,,Exact source data was collected today.,True,0,current,automatic,analytics,ga4
lady-sublime-modelcentro:ga4,ModelCentro GA4,ga4,Lady Sublime ModelCentro,2026-07-26T08:05:19-04:00,752,92,True,2026-07-26T08:05:19-04:00,ok,,Exact source data was collected today.,True,0,current,automatic,analytics,ga4
lady-sublime-modelcentro:ahrefs,ModelCentro Ahrefs,ahrefs,ahrefs,2026-07-26T08:10:42-04:00,771,17,True,2026-07-26T08:10:42-04:00,ok,,Exact source data was collected today.,True,0,current,real_chrome,analytics,ahrefs
lady-sublime-mymember:ga4,MyMember GA4,ga4,Lady Sublime MyMember,2026-07-26T08:05:22-04:00,753,93,True,2026-07-26T08:05:22-04:00,ok,,Exact source data was collected today.,True,0,current,automatic,analytics,ga4
lady-sublime-mymember:ahrefs,MyMember Ahrefs,ahrefs,ahrefs,2026-07-12T17:48:38-04:00,767,6,True,2026-07-26T08:05:25-04:00,pending_setup,The source is still pending setup on 2026-07-26; the last-good value is carried forward.,The source is still pending setup on 2026-07-26; the last-good value is carried forward.,False,14,carried_forward,pending_setup,analytics,ahrefs
