account_id,platform,label,handle,follower_count,following_count,post_count,like_count,view_count,profile_url,category,page_likes,talking_about_count,checkins,were_here_count,rating_count,overall_star_rating,display_name,website,recent_content_status,recent_content_count,recent_content_reactions,recent_content_comments,recent_content_shares,recent_content_engagements,recent_content_avg_engagements,recent_best_content_engagements,recent_best_content_url,recent_latest_content_at,insights_status,previous_snapshot_gain,previous_snapshot_growth_rate,gain_7d,gain_7d_growth_rate,gain_7d_complete,gain_7d_observed_days,gain_30d,gain_30d_growth_rate,gain_30d_complete,gain_30d_observed_days,first_snapshot,first_snapshot_date,latest_success,latest_snapshot_date,latest_snapshot_id,insight_reach_latest,insight_views_total_value,insight_profile_views_total_value,insight_website_clicks_total_value,insight_accounts_engaged_total_value,insight_total_interactions_total_value,insight_likes_total_value,insight_comments_total_value,insight_shares_total_value,insight_saves_total_value,insight_page_post_engagements_latest,insight_page_post_engagements_sum,insight_page_views_total_latest,insight_page_views_total_sum,insight_page_follows_latest,insight_page_follows_sum
girlfriend-instagram,instagram,Instagram,officialladysublime,96034,292,31,,,https://www.instagram.com/officialladysublime/,,,,,,,,Lady Sublime,,ok,25,141409,5004,,146413,5856.5,16673,https://www.instagram.com/reel/DIKTt55hK92/,2026-07-23T17:05:00+0000,ok,90,0.0009380471941966146,848,0.008908873153615028,True,47,2576,0.027563183462089923,True,47,False,2026-06-14,2026-07-31T08:09:03-04:00,2026-07-31,542,630,12068,1856,108,425,739,389,5,77,179,,,,,,
girlfriend-x,x,X,LadySublimeBBW,31679,472,1273,,,,,,,,,,,,,,,,,,,,,,,,2,6.313729204154434e-05,59,0.0018659076533839342,True,46,695,0.02243093209398399,True,46,False,2026-06-15,2026-07-31T08:09:13-04:00,2026-07-31,546,,,,,,,,,,,,,,,,
lady-sublime-facebook-page,facebook,Facebook Page,Lady Sublime,14923,,,14923,,https://www.facebook.com/107579258704403,Digital creator,14923,19,0,0,0,5.0,,,ok,23,3724,412,32,4168,181.2,374,https://www.facebook.com/984245981039908/posts/412012284929950,2026-07-23T17:05:22+0000,ok,-1,-6.700616456714018e-05,2,0.0001340392735071376,True,47,-68,-0.004536054966313121,True,47,False,2026-06-14,2026-07-31T08:09:06-04:00,2026-07-31,543,,,,,,,,,,,0,2,44,121,14922,29844
lady-sublime-threads,threads,Threads,officialladysublime,12199,,,,,https://www.threads.com/@officialladysublime,,,,,,,,,,,,,,,,,,,,,75,0.006186077202243484,1428,0.1325782192925448,True,29,2383,0.24276691116544416,False,29,False,2026-07-02,2026-07-31T08:05:42-04:00,2026-07-31,541,,,,,,,,,,,,,,,,
lady-sublime-onlyfans,onlyfans,OnlyFans,LadySublimeSSBBW,7840,,,,,https://onlyfans.com/LadySublimeSSBBW,,,,,,,,,,,,,,,,,,,,,40,0.005128205128205128,40,0.005128205128205128,True,21,164,0.02136529442417926,False,21,False,2026-06-29,2026-07-20T13:54:06-04:00,2026-07-20,435,,,,,,,,,,,,,,,,
lady-sublime-curvage,curvage,Curvage,https://curvage.org/forum/index.php?/profile/212446-ladysublimessbbw/,7702,,,,,https://curvage.org/forum/index.php,,,,,,,,,,,,,,,,,,,,,1,0.0001298532658096351,35,0.004565018912221208,True,32,222,0.029679144385026737,True,32,False,2026-06-28,2026-07-30T08:12:44-04:00,2026-07-30,540,,,,,,,,,,,,,,,,
lady-sublime-reddit-profile,reddit,Reddit Profile,LadySublimeSSBBW,6560,,,,,https://www.reddit.com/user/LadySublimeSSBBW/,,,,,,,,,,,,,,,,,,,,,5,0.0007627765064836003,56,0.008610086100861008,True,31,351,0.056530842325656305,True,31,False,2026-06-29,2026-07-30T08:06:37-04:00,2026-07-30,531,,,,,,,,,,,,,,,,
girlfriend-youtube,youtube,YouTube,@ladysublimessbbw,3770,,8,,673318,,,,,,,,,,,,,,,,,,,,,,90,0.024456521739130436,490,0.14939024390243902,True,47,630,0.20063694267515925,True,47,False,2026-06-14,2026-07-31T08:09:13-04:00,2026-07-31,545,,,,,,,,,,,,,,,,
girlfriend-tiktok,tiktok,TikTok,ladysublimessbbw,3411,8,10,10764,,,,,,,,,,,,,,,,,,,,,,,8,0.0023508668821627977,66,0.019730941704035873,True,46,249,0.07874762808349146,True,46,False,2026-06-15,2026-07-31T08:09:12-04:00,2026-07-31,544,,,,,,,,,,,,,,,,
lady-sublime-manyvids,manyvids,ManyVids,LadySublimeSSBBW,2363,17,237,,,https://www.manyvids.com/Profile/1003456685/ladysublimessbbw/Store/Videos,,,,,,,,,,,,,,,,,,,,,1,0.0004233700254022015,14,0.005959982971477224,True,45,39,0.016781411359724614,True,45,False,2026-06-16,2026-07-31T08:09:14-04:00,2026-07-31,549,,,,,,,,,,,,,,,,
lady-sublime-clips4sale,clips4sale,Clips4Sale,Lady Sublime SSBBW,1268,,198,,,https://www.clips4sale.com/studio/163455/lady-sublime-ssbbw,,,,,,,,,,,,,,,,,,,,,1,0.0007892659826361484,5,0.00395882818685669,True,45,33,0.026720647773279354,True,45,False,2026-06-16,2026-07-31T08:09:13-04:00,2026-07-31,548,,,,,,,,,,,,,,,,
lady-sublime-feabie,feabie,Feabie,LadySublimeSSBBW,853,,,,,https://www.feabie.com/Member/Details/LadySublimeSSBBW,,,,,,,,,,,,,,,,,,,,,5,0.00589622641509434,31,0.037712895377128956,True,28,112,0.15114709851551958,False,28,False,2026-06-29,2026-07-27T08:06:46-04:00,2026-07-27,498,,,,,,,,,,,,,,,,
lady-sublime-bluesky,bluesky,Bluesky,ladysublimessbbw.bsky.social,156,21,11,,,https://bsky.app/profile/ladysublimessbbw.bsky.social,,,,,,,,Lady Sublime,,,,,,,,,,,,,0,0.0,1,0.0064516129032258064,True,29,12,0.08333333333333333,False,29,False,2026-07-02,2026-07-31T08:09:13-04:00,2026-07-31,547,,,,,,,,,,,,,,,,
