activity_id,activity_key,account_id,platform,account_label,account_handle,external_id,posted_at,activity_date,title,body,content_type,post_url,thumbnail_url,media_url,destination_url,campaign,offer,promo_code,views,likes,comments,shares,engagements,clicks,orders,revenue,source_kind,source_url,collected_at,platform_same_day_gain,total_same_day_gain,total_3d_gain,total_7d_gain
,lady-sublime-facebook-page:external:107579258704403_1015994181198421,lady-sublime-facebook-page,facebook,Facebook Page,Lady Sublime,107579258704403_1015994181198421,2026-07-23T17:05:22+0000,2026-07-23,Facebook Page reel,Waiting for my DoorDash like… 👀,reel,https://www.facebook.com/reel/1346745727653686/,https://scontent-lga3-2.xx.fbcdn.net/v/t51.82787-10/756046283_18107816456164966_129962203560919552_n.jpg?stp=dst-jpg_s130x130_tt6&_nc_cat=100&ccb=1-7&_nc_sid=5fad0e&_nc_ohc=1dAJ4KBL604Q7kNvwGos5g2&_nc_oc=Adpr-urU1M4K4P-CelKPKwSB8xOeOixb9hkIduxszudgJTUOXUkpeTXP3ZTj1xrxiULQTJwHQOwNsoh8h-hqLQQx&_nc_zt=23&_nc_ht=scontent-lga3-2.xx&edm=AKIiGfEEAAAA&_nc_gid=z6bkEWB-SMTfLWuvh32xgg&_nc_tpa=Q5bMBQFmMcZBlDcl39boU-dgEtSmE8gv7QR0w-czPKBK_6Cusda1KUDqCAiBjsS-pQblMcDX16a-_R-93g&oh=00_AQEpiGLxVrLu0xURad6EViJB2U_wYcxstRPqTDe0WJl1uQ&oe=6A76466C,https://scontent-lga3-2.xx.fbcdn.net/v/t51.82787-10/756046283_18107816456164966_129962203560919552_n.jpg?_nc_cat=100&ccb=1-7&_nc_sid=5fad0e&_nc_ohc=1dAJ4KBL604Q7kNvwGos5g2&_nc_oc=Adpr-urU1M4K4P-CelKPKwSB8xOeOixb9hkIduxszudgJTUOXUkpeTXP3ZTj1xrxiULQTJwHQOwNsoh8h-hqLQQx&_nc_zt=23&_nc_ht=scontent-lga3-2.xx&edm=AKIiGfEEAAAA&_nc_gid=z6bkEWB-SMTfLWuvh32xgg&_nc_tpa=Q5bMBQFFMnlbFDDh3H-sjpoCcttJtIWTbXdf9Y5f0thwv6siDMZlpQ-alXHszh5FfC_11iau95RnufuTSw&oh=00_AQFmbqQPe3oAevZaMW2EQTtQEc1HYO9tJ_Qp4lcyla9Vow&oe=6A76466C,,,,,,44,6,0,50,,,,meta_recent_content,https://graph.facebook.com/v25.0/107579258704403,2026-08-03T08:08:24-04:00,-3,110,436,2812
,girlfriend-instagram:external:17988748647009278,girlfriend-instagram,instagram,Instagram,officialladysublime,17988748647009278,2026-07-23T17:05:00+0000,2026-07-23,Instagram reel,Waiting for my DoorDash like… 👀,reel,https://www.instagram.com/reel/DbJKA87MV3k/,https://scontent-lga3-2.cdninstagram.com/v/t51.82787-15/756046283_18107816456164966_129962203560919552_n.jpg?stp=dst-jpg_e35_tt6&_nc_cat=100&ccb=7-5&_nc_sid=18de74&efg=eyJlZmdfdGFnIjoiQ0xJUFMuYmVzdF9pbWFnZV91cmxnZW4uQzMifQ%3D%3D&_nc_ohc=1dAJ4KBL604Q7kNvwGos5g2&_nc_oc=Adpr-urU1M4K4P-CelKPKwSB8xOeOixb9hkIduxszudgJTUOXUkpeTXP3ZTj1xrxiULQTJwHQOwNsoh8h-hqLQQx&_nc_zt=23&_nc_ht=scontent-lga3-2.cdninstagram.com&edm=AM6HXa8EAAAA&_nc_gid=2vveOjcnJEixJaWPO0tejA&_nc_tpa=Q5bMBQELG7QvR8hrT4x06Ope82irfe5qVtHuIH180cZupHzY75dfHKIEDaotkcBorsw-bzOv7Bb5ADZVdw&oh=00_AQExuK6ktlFnUJCQlKwL7SU6-Fw1ckdbHtg4mb8Ar8zi1A&oe=6A766286,https://scontent-lga3-3.cdninstagram.com/o1/v/t2/f2/m86/AQN2SxqNkMUNwtROyASsIDl0eD3TGsWAXjdyMOpfCXWZuRvOLa6ni36DDfBVu-3Oe1mgrnNJKJUDZpYIf1nNxMXaz8IONfGFm5bdttY.mp4?_nc_cat=104&_nc_sid=5e9851&_nc_ht=scontent-lga3-3.cdninstagram.com&_nc_ohc=D_0To4LLnqgQ7kNvwFK62t9&efg=eyJ2ZW5jb2RlX3RhZyI6Inhwdl9wcm9ncmVzc2l2ZS5JTlNUQUdSQU0uQ0xJUFMuQzMuNzIwLmRhc2hfYmFzZWxpbmVfMV92MSIsInhwdl9hc3NldF9pZCI6ODc3MDMwNTc4NDIxNDA1LCJhc3NldF9hZ2VfZGF5cyI6MTAsInZpX3VzZWNhc2VfaWQiOjEwODI3LCJkdXJhdGlvbl9zIjoxNywidXJsZ2VuX3NvdXJjZSI6Ind3dyJ9&ccb=17-1&vs=2b0ad0a30d5bef9&_nc_vs=HBksFQIYUmlnX3hwdl9yZWVsc19wZXJtYW5lbnRfc3JfcHJvZC84MDQ4NUU3MzBBN0YyMDA3NjVGRTNCQUY0NjU1N0FBMF92aWRlb19kYXNoaW5pdC5tcDQVAALIARIAFQIYUWlnX3hwdl9wbGFjZW1lbnRfcGVybWFuZW50X3YyLzIxNDE1MkE2QkFFM0FDNEM2RkIxMzIxREIzREE1QTkwX2F1ZGlvX2Rhc2hpbml0Lm1wNBUCAsgBEgAoABgAGwKIB3VzZV9vaWwBMRJwcm9ncmVzc2l2ZV9yZWNpcGUBMRUAACa6-quB8-mOAxUCKAJDMywXQDFdsi0OVgQYEmRhc2hfYmFzZWxpbmVfMV92MREAdf4HZZapAQA&_nc_gid=2vveOjcnJEixJaWPO0tejA&edm=AM6HXa8EAAAA&_nc_zt=28&oh=00_AQHWtSv03XmZ7vQHBWsA4eTAQm7UuT0SiIyPkR1jy0BMFg&oe=6A72638D,,,,,,4999,126,,5125,,,,meta_recent_content,https://graph.facebook.com/v25.0/17841434948962018,2026-08-03T08:08:21-04:00,56,110,436,2812
,lady-sublime-facebook-page:external:107579258704403_1002661279198378,lady-sublime-facebook-page,facebook,Facebook Page,Lady Sublime,107579258704403_1002661279198378,2026-07-06T22:12:24+0000,2026-07-06,Facebook Page reel,What if I stayed the night and ate all your leftovers? 🥡🍗🍕,reel,https://www.facebook.com/reel/1655205672241668/,https://scontent-lga3-1.xx.fbcdn.net/v/t15.5256-10/741257836_1746140986737223_8122812704787054014_n.jpg?stp=dst-jpg_s130x130_tt6&_nc_cat=103&ccb=1-7&_nc_sid=d2b52d&_nc_ohc=wCeYDoZEJfQQ7kNvwGKrAeF&_nc_oc=AdqYX1ku5u5tpME9gk-ICy1dyknzdqVeosaZQCSNyXp6jxViduKZgIiL98KaeLizEyb56apth8hXX29njozrIxny&_nc_zt=23&_nc_ht=scontent-lga3-1.xx&edm=AKIiGfEEAAAA&_nc_gid=z6bkEWB-SMTfLWuvh32xgg&_nc_tpa=Q5bMBQG1Tk-f1icbAy9qH3P2D9kZFzdBmQcG1YWv0j057Ldroqw8qI2kwOPhufjemDHYtLPdy7J4-4v5tQ&oh=00_AQFQrKouydIUuqJCS-51Q4GNPx_JqKUQrBlOihRv6SF2Tg&oe=6A765740,https://scontent-lga3-1.xx.fbcdn.net/v/t15.5256-10/741257836_1746140986737223_8122812704787054014_n.jpg?_nc_cat=103&ccb=1-7&_nc_sid=d2b52d&_nc_ohc=wCeYDoZEJfQQ7kNvwGKrAeF&_nc_oc=AdqYX1ku5u5tpME9gk-ICy1dyknzdqVeosaZQCSNyXp6jxViduKZgIiL98KaeLizEyb56apth8hXX29njozrIxny&_nc_zt=23&_nc_ht=scontent-lga3-1.xx&edm=AKIiGfEEAAAA&_nc_gid=z6bkEWB-SMTfLWuvh32xgg&_nc_tpa=Q5bMBQGYWQH0o-oc8lx2AlYWN-Xw9cIhCvGqVG3xkpgR7Ed_hvSsaGLw9VXSXTOG3guFm_v5VjX7D4J9Yg&oh=00_AQHL20hqY0cdIHYIhclGtDPYT_PJ8Fha7twESr_EGRJcDA&oe=6A765740,,,,,,37,4,0,41,,,,meta_recent_content,https://graph.facebook.com/v25.0/107579258704403,2026-08-03T08:08:24-04:00,-11,523,737,1699
,lady-sublime-facebook-page:external:107579258704403_1001018269362679,lady-sublime-facebook-page,facebook,Facebook Page,Lady Sublime,107579258704403_1001018269362679,2026-07-05T00:53:26+0000,2026-07-05,Facebook Page reel,Who eats donuts with a spoon? 🤨🤭,reel,https://www.facebook.com/reel/1304087851485284/,https://scontent-lga3-1.xx.fbcdn.net/v/t15.5256-10/738511597_2510941072682344_1433783998173884802_n.jpg?stp=dst-jpg_s130x130_tt6&_nc_cat=109&ccb=1-7&_nc_sid=d2b52d&_nc_ohc=jLvpxz4l9U8Q7kNvwFVd33i&_nc_oc=Adou8Vo40HjwuJ4J0-RTJKyiESVGRZRjLNmzDSBGx4kIiU6DvLSoctNOCqxTJ_-Vv6iSIyoJnCBl4MjX83x4bZXx&_nc_zt=23&_nc_ht=scontent-lga3-1.xx&edm=AKIiGfEEAAAA&_nc_gid=z6bkEWB-SMTfLWuvh32xgg&_nc_tpa=Q5bMBQHmB_EDaVdCvKvGeH06VW_lQ3VltW4HpGs8DoXHJRaV1VjxfvmVF1jaSYrN8MjHAe0Dn-8Y9mmNIw&oh=00_AQH9lRi3LPM-hGFlib0VgnbosZ8x0yNSXX5ahE-Eqoz-rg&oe=6A766E52,https://scontent-lga3-1.xx.fbcdn.net/v/t15.5256-10/738511597_2510941072682344_1433783998173884802_n.jpg?_nc_cat=109&ccb=1-7&_nc_sid=d2b52d&_nc_ohc=jLvpxz4l9U8Q7kNvwFVd33i&_nc_oc=Adou8Vo40HjwuJ4J0-RTJKyiESVGRZRjLNmzDSBGx4kIiU6DvLSoctNOCqxTJ_-Vv6iSIyoJnCBl4MjX83x4bZXx&_nc_zt=23&_nc_ht=scontent-lga3-1.xx&edm=AKIiGfEEAAAA&_nc_gid=z6bkEWB-SMTfLWuvh32xgg&_nc_tpa=Q5bMBQF5R8RAY6SMSfr8L2PO8hoPgVgEcTmDsMr1W4OWGqR0Ej6CnIE6EqPjWrtaVO8apiru6A0ZayCT8g&oh=00_AQHRrhqJYBFCWeJO9QlNNI8xllgrAgElglQ4WGsC6jCsjg&oe=6A766E52,,,,,,63,9,1,73,,,,meta_recent_content,https://graph.facebook.com/v25.0/107579258704403,2026-08-03T08:08:24-04:00,-7,492,1229,2143
,girlfriend-instagram:external:18077572118676496,girlfriend-instagram,instagram,Instagram,officialladysublime,18077572118676496,2026-07-05T00:37:44+0000,2026-07-05,Instagram reel,Who uses a spoon to eat donuts? 🤨🤭,reel,https://www.instagram.com/reel/DaZCERJM0PB/,https://scontent-lga3-2.cdninstagram.com/v/t51.82787-15/732654659_18105625745164966_1109365630120475126_n.jpg?stp=dst-jpg_e35_tt6&_nc_cat=107&ccb=7-5&_nc_sid=18de74&efg=eyJlZmdfdGFnIjoiQ0xJUFMuYmVzdF9pbWFnZV91cmxnZW4uQzMifQ%3D%3D&_nc_ohc=Y2jIgaITNAAQ7kNvwEVz_d6&_nc_oc=AdqEO7rrb2wI4p0Nc2G0XZHU3Wbb76UParzWryqfWDpnykbNXdCIUZ_xUl8CXAX5lJftYF9bRgBXxizJ-0kJiPc5&_nc_zt=23&_nc_ht=scontent-lga3-2.cdninstagram.com&edm=AM6HXa8EAAAA&_nc_gid=2vveOjcnJEixJaWPO0tejA&_nc_tpa=Q5bMBQFecHrUM7lYPD4vfdDdpwJfkyVdVdD0tnbsXL_UrdRW30w9uX9LpbgT0wGMzv15KNpX3qkrPNsxwA&oh=00_AQFDd2rPZKX7HicAL_WTHRGkQQmBve31Wn3czBU-tinCag&oe=6A766AA8,https://scontent-lga3-2.cdninstagram.com/v/t51.82787-15/732654659_18105625745164966_1109365630120475126_n.jpg?stp=dst-jpg_e35_tt6&_nc_cat=107&ccb=7-5&_nc_sid=18de74&efg=eyJlZmdfdGFnIjoiQ0xJUFMuYmVzdF9pbWFnZV91cmxnZW4uQzMifQ%3D%3D&_nc_ohc=Y2jIgaITNAAQ7kNvwEVz_d6&_nc_oc=AdqEO7rrb2wI4p0Nc2G0XZHU3Wbb76UParzWryqfWDpnykbNXdCIUZ_xUl8CXAX5lJftYF9bRgBXxizJ-0kJiPc5&_nc_zt=23&_nc_ht=scontent-lga3-2.cdninstagram.com&edm=AM6HXa8EAAAA&_nc_gid=2vveOjcnJEixJaWPO0tejA&_nc_tpa=Q5bMBQFecHrUM7lYPD4vfdDdpwJfkyVdVdD0tnbsXL_UrdRW30w9uX9LpbgT0wGMzv15KNpX3qkrPNsxwA&oh=00_AQFDd2rPZKX7HicAL_WTHRGkQQmBve31Wn3czBU-tinCag&oe=6A766AA8,,,,,,5256,153,,5409,,,,meta_recent_content,https://graph.facebook.com/v25.0/17841434948962018,2026-08-03T08:08:21-04:00,200,492,1229,2143
,girlfriend-instagram:external:18088568927310108,girlfriend-instagram,instagram,Instagram,officialladysublime,18088568927310108,2026-06-28T21:58:31+0000,2026-06-28,Instagram reel,What if I stayed the night and ate all your leftovers? 🥡🍗🍕,reel,https://www.instagram.com/reel/DaJT52UyHx-/,https://scontent-lga3-3.cdninstagram.com/v/t51.71878-15/731823661_1751188752996065_8522217687349753054_n.jpg?stp=dst-jpg_e35_tt6&_nc_cat=108&ccb=7-5&_nc_sid=18de74&efg=eyJlZmdfdGFnIjoiQ0xJUFMuYmVzdF9pbWFnZV91cmxnZW4uQzMifQ%3D%3D&_nc_ohc=r7vLYfkph90Q7kNvwGdbh0N&_nc_oc=Adoq5j5ZQAxKy1z_Fze0UMPN1-3SFhE6vKOAXN6fe1wx7-hyPVG8CIQXpx6KhbUKOqjUwMYv3jaarovjwv8rPqUD&_nc_zt=23&_nc_ht=scontent-lga3-3.cdninstagram.com&edm=AM6HXa8EAAAA&_nc_gid=2vveOjcnJEixJaWPO0tejA&_nc_tpa=Q5bMBQGTvHFWNI4qj6WTq_RR4kvobcme9z0UMPQEVEhT90vLFEsgMy2ioHu79TitbM8TGkeIr5tSfmjHWg&oh=00_AQEtiWSKYzmCOcM2oBnbaJqMwQ00C0rJSGTd3hpW0xeogQ&oe=6A764D1E,https://scontent-lga3-3.cdninstagram.com/v/t51.71878-15/731823661_1751188752996065_8522217687349753054_n.jpg?stp=dst-jpg_e35_tt6&_nc_cat=108&ccb=7-5&_nc_sid=18de74&efg=eyJlZmdfdGFnIjoiQ0xJUFMuYmVzdF9pbWFnZV91cmxnZW4uQzMifQ%3D%3D&_nc_ohc=r7vLYfkph90Q7kNvwGdbh0N&_nc_oc=Adoq5j5ZQAxKy1z_Fze0UMPN1-3SFhE6vKOAXN6fe1wx7-hyPVG8CIQXpx6KhbUKOqjUwMYv3jaarovjwv8rPqUD&_nc_zt=23&_nc_ht=scontent-lga3-3.cdninstagram.com&edm=AM6HXa8EAAAA&_nc_gid=2vveOjcnJEixJaWPO0tejA&_nc_tpa=Q5bMBQGTvHFWNI4qj6WTq_RR4kvobcme9z0UMPQEVEhT90vLFEsgMy2ioHu79TitbM8TGkeIr5tSfmjHWg&oh=00_AQEtiWSKYzmCOcM2oBnbaJqMwQ00C0rJSGTd3hpW0xeogQ&oe=6A764D1E,,,,,,2941,83,,3024,,,,meta_recent_content,https://graph.facebook.com/v25.0/17841434948962018,2026-08-03T08:08:21-04:00,35,54,219,589
,lady-sublime-facebook-page:external:107579258704403_902407142557126,lady-sublime-facebook-page,facebook,Facebook Page,Lady Sublime,107579258704403_902407142557126,2026-03-06T04:44:07+0000,2026-03-06,Facebook Page post,Would I be your work crush? 😍,post,https://www.facebook.com/984245981039908/posts/902407142557126,https://scontent-lga3-1.xx.fbcdn.net/v/t51.82787-15/648554937_18092619926164966_3084590113984905790_n.jpg?stp=dst-jpg_p130x130_tt6&_nc_cat=103&ccb=1-7&_nc_sid=127cfc&_nc_ohc=kwWtocQmElgQ7kNvwGuVHxS&_nc_oc=AdrcRIA0D87JevqJscQRf1u07Me29mWPuI894MYPLk6xflKQcSfUb6UYXcFiOOFYF78-6JTq7G8owVQGAqLKYYb7&_nc_zt=23&_nc_ht=scontent-lga3-1.xx&edm=AKIiGfEEAAAA&_nc_gid=z6bkEWB-SMTfLWuvh32xgg&_nc_tpa=Q5bMBQFbpnuUVOgPQwMW9bE0yIKu1MDJHUA8xVK5FVPfs4BUZCchvcki06UWGRo-TCVcYNYiWphA41W7hg&oh=00_AQHp5drNMWgAiJgSWyZA3qqxn2ayBjElaTRNhRu2ck3hZw&oe=6A763FC3,https://scontent-lga3-1.xx.fbcdn.net/v/t51.82787-15/648554937_18092619926164966_3084590113984905790_n.jpg?stp=dst-jpg_p720x720_tt6&_nc_cat=103&ccb=1-7&_nc_sid=127cfc&_nc_ohc=kwWtocQmElgQ7kNvwGuVHxS&_nc_oc=AdrcRIA0D87JevqJscQRf1u07Me29mWPuI894MYPLk6xflKQcSfUb6UYXcFiOOFYF78-6JTq7G8owVQGAqLKYYb7&_nc_zt=23&_nc_ht=scontent-lga3-1.xx&edm=AKIiGfEEAAAA&_nc_gid=z6bkEWB-SMTfLWuvh32xgg&_nc_tpa=Q5bMBQFyglR2HHoJRPwruckJZvlj2Dn905qLHJ4oRkf807iQLDb5sGel2_OYAoiTX7GkdLODvkMPHUS5Vg&oh=00_AQGT5-sUlf5giZAm9bsi8L-sk9eJQr9ld6EvN6_qlOrIAQ&oe=6A763FC3,,,,,,116,9,0,125,,,,meta_recent_content,https://graph.facebook.com/v25.0/107579258704403,2026-08-03T08:08:24-04:00,,,,
,girlfriend-instagram:external:18086455685270575,girlfriend-instagram,instagram,Instagram,officialladysublime,18086455685270575,2026-03-06T04:44:02+0000,2026-03-06,Instagram carousel_album,Would I be your work crush? 😍,carousel_album,https://www.instagram.com/p/DVh682ilEpM/,https://scontent-lga3-1.cdninstagram.com/v/t51.82787-15/648554937_18092619926164966_3084590113984905790_n.jpg?stp=dst-jpg_e35_tt6&_nc_cat=103&ccb=7-5&_nc_sid=18de74&efg=eyJlZmdfdGFnIjoiQ0FST1VTRUxfSVRFTS5iZXN0X2ltYWdlX3VybGdlbi5DMyJ9&_nc_ohc=kwWtocQmElgQ7kNvwGuVHxS&_nc_oc=AdrcRIA0D87JevqJscQRf1u07Me29mWPuI894MYPLk6xflKQcSfUb6UYXcFiOOFYF78-6JTq7G8owVQGAqLKYYb7&_nc_zt=23&_nc_ht=scontent-lga3-1.cdninstagram.com&edm=AM6HXa8EAAAA&_nc_gid=2vveOjcnJEixJaWPO0tejA&oh=00_AQFAGfXYrtDAhm-7xNf0bH8B5H__14c0VXSFSk8ZEZBoag&oe=6A763FC3,https://scontent-lga3-1.cdninstagram.com/v/t51.82787-15/648554937_18092619926164966_3084590113984905790_n.jpg?stp=dst-jpg_e35_tt6&_nc_cat=103&ccb=7-5&_nc_sid=18de74&efg=eyJlZmdfdGFnIjoiQ0FST1VTRUxfSVRFTS5iZXN0X2ltYWdlX3VybGdlbi5DMyJ9&_nc_ohc=kwWtocQmElgQ7kNvwGuVHxS&_nc_oc=AdrcRIA0D87JevqJscQRf1u07Me29mWPuI894MYPLk6xflKQcSfUb6UYXcFiOOFYF78-6JTq7G8owVQGAqLKYYb7&_nc_zt=23&_nc_ht=scontent-lga3-1.cdninstagram.com&edm=AM6HXa8EAAAA&_nc_gid=2vveOjcnJEixJaWPO0tejA&oh=00_AQFAGfXYrtDAhm-7xNf0bH8B5H__14c0VXSFSk8ZEZBoag&oe=6A763FC3,,,,,,4803,271,,5074,,,,meta_recent_content,https://graph.facebook.com/v25.0/17841434948962018,2026-08-03T08:08:21-04:00,,,,
,lady-sublime-facebook-page:external:107579258704403_847242531406921,lady-sublime-facebook-page,facebook,Facebook Page,Lady Sublime,107579258704403_847242531406921,2025-12-26T05:32:36+0000,2025-12-26,Facebook Page post,Merry Christmas ya filthy animals 🎄,post,https://www.facebook.com/984245981039908/posts/847242531406921,https://scontent-lga3-2.xx.fbcdn.net/v/t51.82787-15/606907395_18085960133164966_1395638697535128201_n.jpg?stp=dst-jpg_s173x172_tt6&_nc_cat=107&ccb=1-7&_nc_sid=127cfc&_nc_ohc=7T3KISWFvhIQ7kNvwFB-emP&_nc_oc=AdrFwks4YxFufZfy-UGz2wb9ExxILfpXVqPYbKb8qZkPtvza0SNlOaCnod6PArzvBptXPfYtwEjDN1W5kJ7M-48L&_nc_zt=23&_nc_ht=scontent-lga3-2.xx&edm=AKIiGfEEAAAA&_nc_gid=z6bkEWB-SMTfLWuvh32xgg&_nc_tpa=Q5bMBQE6rKh4rgpBf8R1Q6vaunLai9bz6mupVhJ8rBfo19nkx_84gDG2MPDx_CAGo8W3RwDX1cOXANYcIw&oh=00_AQGvGTOV71uNESsEmJ2qei7i8J8IEQ8ovJM_mSKoysHT6w&oe=6A763BEC,https://scontent-lga3-2.xx.fbcdn.net/v/t51.82787-15/606907395_18085960133164966_1395638697535128201_n.jpg?stp=dst-jpg_s960x960_tt6&_nc_cat=107&ccb=1-7&_nc_sid=127cfc&_nc_ohc=7T3KISWFvhIQ7kNvwFB-emP&_nc_oc=AdrFwks4YxFufZfy-UGz2wb9ExxILfpXVqPYbKb8qZkPtvza0SNlOaCnod6PArzvBptXPfYtwEjDN1W5kJ7M-48L&_nc_zt=23&_nc_ht=scontent-lga3-2.xx&edm=AKIiGfEEAAAA&_nc_gid=z6bkEWB-SMTfLWuvh32xgg&_nc_tpa=Q5bMBQGqIn62shpwkHPiojXWqaCXPq2RBlk8SB_s98PKS0iuJNb6i_6OHbd6sECriChl8pbEmRJKvSmtTA&oh=00_AQG0pr4J97BMKLnA2vo4emQIzJaVKLeeESMfHAa4RXzKqg&oe=6A763BEC,,,,,,98,13,0,111,,,,meta_recent_content,https://graph.facebook.com/v25.0/107579258704403,2026-08-03T08:08:24-04:00,,,,
,girlfriend-instagram:external:18434164201109971,girlfriend-instagram,instagram,Instagram,officialladysublime,18434164201109971,2025-12-26T05:32:32+0000,2025-12-26,Instagram carousel_album,Merry Christmas ya filthy animals 🎄,carousel_album,https://www.instagram.com/p/DStw23TFHnO/,https://scontent-lga3-2.cdninstagram.com/v/t51.82787-15/606907395_18085960133164966_1395638697535128201_n.jpg?stp=dst-jpg_e35_tt6&_nc_cat=107&ccb=7-5&_nc_sid=18de74&efg=eyJlZmdfdGFnIjoiQ0FST1VTRUxfSVRFTS5iZXN0X2ltYWdlX3VybGdlbi5DMyJ9&_nc_ohc=7T3KISWFvhIQ7kNvwFB-emP&_nc_oc=AdrFwks4YxFufZfy-UGz2wb9ExxILfpXVqPYbKb8qZkPtvza0SNlOaCnod6PArzvBptXPfYtwEjDN1W5kJ7M-48L&_nc_zt=23&_nc_ht=scontent-lga3-2.cdninstagram.com&edm=AM6HXa8EAAAA&_nc_gid=2vveOjcnJEixJaWPO0tejA&oh=00_AQF6o_DcJLj9DVYou7ETNU4npnRTcMz7Tqj71_pa4DLPkQ&oe=6A763BEC,https://scontent-lga3-2.cdninstagram.com/v/t51.82787-15/606907395_18085960133164966_1395638697535128201_n.jpg?stp=dst-jpg_e35_tt6&_nc_cat=107&ccb=7-5&_nc_sid=18de74&efg=eyJlZmdfdGFnIjoiQ0FST1VTRUxfSVRFTS5iZXN0X2ltYWdlX3VybGdlbi5DMyJ9&_nc_ohc=7T3KISWFvhIQ7kNvwFB-emP&_nc_oc=AdrFwks4YxFufZfy-UGz2wb9ExxILfpXVqPYbKb8qZkPtvza0SNlOaCnod6PArzvBptXPfYtwEjDN1W5kJ7M-48L&_nc_zt=23&_nc_ht=scontent-lga3-2.cdninstagram.com&edm=AM6HXa8EAAAA&_nc_gid=2vveOjcnJEixJaWPO0tejA&oh=00_AQF6o_DcJLj9DVYou7ETNU4npnRTcMz7Tqj71_pa4DLPkQ&oe=6A763BEC,,,,,,4031,204,,4235,,,,meta_recent_content,https://graph.facebook.com/v25.0/17841434948962018,2026-08-03T08:08:21-04:00,,,,
,lady-sublime-facebook-page:external:107579258704403_830368759760965,lady-sublime-facebook-page,facebook,Facebook Page,Lady Sublime,107579258704403_830368759760965,2025-12-02T21:13:30+0000,2025-12-02,Facebook Page post,Would you invite me to your Thanksgiving dinner? 🦃🤤,post,https://www.facebook.com/984245981039908/posts/830368759760965,https://scontent-lga3-1.xx.fbcdn.net/v/t51.82787-15/587842698_18083801228164966_9123260380994689612_n.jpg?stp=dst-jpg_p130x130_tt6&_nc_cat=111&ccb=1-7&_nc_sid=127cfc&_nc_ohc=RXp5imSk0YQQ7kNvwEqFrQn&_nc_oc=Ado9-xqMvw3p6yPVMjceHI7RDBygLm6bwviVFSRx6YyiPhRR5f7ChkGAyiNDr1MH1SA-Cb1ESVbC40DBkO4SB0uv&_nc_zt=23&_nc_ht=scontent-lga3-1.xx&edm=AKIiGfEEAAAA&_nc_gid=z6bkEWB-SMTfLWuvh32xgg&_nc_tpa=Q5bMBQGsMFFm12KsyytrewA-3oBM3BT8IsBGThufcHLxSrUyZoyE7a6W2zutHiAxPnY9Ro1ynFLVz4QG7Q&oh=00_AQF0feJtWiVb4OnB5ZbYAUVahgRzRaSaf6JYrhH33jVFUA&oe=6A765C5C,https://scontent-lga3-1.xx.fbcdn.net/v/t51.82787-15/587842698_18083801228164966_9123260380994689612_n.jpg?stp=dst-jpg_p720x720_tt6&_nc_cat=111&ccb=1-7&_nc_sid=127cfc&_nc_ohc=RXp5imSk0YQQ7kNvwEqFrQn&_nc_oc=Ado9-xqMvw3p6yPVMjceHI7RDBygLm6bwviVFSRx6YyiPhRR5f7ChkGAyiNDr1MH1SA-Cb1ESVbC40DBkO4SB0uv&_nc_zt=23&_nc_ht=scontent-lga3-1.xx&edm=AKIiGfEEAAAA&_nc_gid=z6bkEWB-SMTfLWuvh32xgg&_nc_tpa=Q5bMBQFtnIjSs_5gF4ibhse2stDfbCA9fkriVNPqY83vZwPz8rPsphnULtfPbxEp6lXvxaija-k0n4Zsow&oh=00_AQFCjd5V6TjUaxX45oKjMj52vwPjJVTneBWJ9XgSDthZ7w&oe=6A765C5C,,,,,,71,4,0,75,,,,meta_recent_content,https://graph.facebook.com/v25.0/107579258704403,2026-08-03T08:08:24-04:00,,,,
,girlfriend-instagram:external:18113721928605042,girlfriend-instagram,instagram,Instagram,officialladysublime,18113721928605042,2025-12-02T21:13:25+0000,2025-12-02,Instagram carousel_album,Would you invite me to your Thanksgiving dinner? 🦃🤤,carousel_album,https://www.instagram.com/p/DRxpdHrEqwj/,https://scontent-lga3-1.cdninstagram.com/v/t51.82787-15/587842698_18083801228164966_9123260380994689612_n.jpg?stp=dst-jpg_e35_tt6&_nc_cat=111&ccb=7-5&_nc_sid=18de74&efg=eyJlZmdfdGFnIjoiQ0FST1VTRUxfSVRFTS5iZXN0X2ltYWdlX3VybGdlbi5DMyJ9&_nc_ohc=RXp5imSk0YQQ7kNvwEqFrQn&_nc_oc=Ado9-xqMvw3p6yPVMjceHI7RDBygLm6bwviVFSRx6YyiPhRR5f7ChkGAyiNDr1MH1SA-Cb1ESVbC40DBkO4SB0uv&_nc_zt=23&_nc_ht=scontent-lga3-1.cdninstagram.com&edm=AM6HXa8EAAAA&_nc_gid=2vveOjcnJEixJaWPO0tejA&oh=00_AQFPC4kRvWcpj884k1CkLzDgoouboKb8RDI6y1WLClhZCg&oe=6A765C5C,https://scontent-lga3-1.cdninstagram.com/v/t51.82787-15/587842698_18083801228164966_9123260380994689612_n.jpg?stp=dst-jpg_e35_tt6&_nc_cat=111&ccb=7-5&_nc_sid=18de74&efg=eyJlZmdfdGFnIjoiQ0FST1VTRUxfSVRFTS5iZXN0X2ltYWdlX3VybGdlbi5DMyJ9&_nc_ohc=RXp5imSk0YQQ7kNvwEqFrQn&_nc_oc=Ado9-xqMvw3p6yPVMjceHI7RDBygLm6bwviVFSRx6YyiPhRR5f7ChkGAyiNDr1MH1SA-Cb1ESVbC40DBkO4SB0uv&_nc_zt=23&_nc_ht=scontent-lga3-1.cdninstagram.com&edm=AM6HXa8EAAAA&_nc_gid=2vveOjcnJEixJaWPO0tejA&oh=00_AQFPC4kRvWcpj884k1CkLzDgoouboKb8RDI6y1WLClhZCg&oe=6A765C5C,,,,,,3929,86,,4015,,,,meta_recent_content,https://graph.facebook.com/v25.0/17841434948962018,2026-08-03T08:08:21-04:00,,,,
,lady-sublime-facebook-page:external:107579258704403_819723550825486,lady-sublime-facebook-page,facebook,Facebook Page,Lady Sublime,107579258704403_819723550825486,2025-11-18T19:37:38+0000,2025-11-18,Facebook Page post,Too tight? Or perfect fit? 🔥,post,https://www.facebook.com/984245981039908/posts/819723550825486,https://scontent-lga3-2.xx.fbcdn.net/v/t51.82787-15/583186370_18082517156164966_7617102132612823883_n.jpg?stp=dst-jpg_s173x172_tt6&_nc_cat=101&ccb=1-7&_nc_sid=127cfc&_nc_ohc=liKqp1mlIoYQ7kNvwG2QBBT&_nc_oc=AdrFh1m8aXSv2JyCiQa2PCRrk78QOfsgxLFsj0WecdJAmc3qID-Qr6zqIv5p4RXJbf_Z776Wh5BDfFcP_BOOSP1V&_nc_zt=23&_nc_ht=scontent-lga3-2.xx&edm=AKIiGfEEAAAA&_nc_gid=z6bkEWB-SMTfLWuvh32xgg&_nc_tpa=Q5bMBQHWUvXAyn9e9VC_2IbV5EQmLCbmPLP_fHaTzkhQ7SYJCmoaRCeKNhnWBD2ZfGBrL8asafg7w5Z89Q&oh=00_AQGNUwdQFkFxwr6yXwil-l14KmHX8GlhZoEwLI6vSRSLGg&oe=6A7669BF,https://scontent-lga3-2.xx.fbcdn.net/v/t51.82787-15/583186370_18082517156164966_7617102132612823883_n.jpg?stp=dst-jpg_s960x960_tt6&_nc_cat=101&ccb=1-7&_nc_sid=127cfc&_nc_ohc=liKqp1mlIoYQ7kNvwG2QBBT&_nc_oc=AdrFh1m8aXSv2JyCiQa2PCRrk78QOfsgxLFsj0WecdJAmc3qID-Qr6zqIv5p4RXJbf_Z776Wh5BDfFcP_BOOSP1V&_nc_zt=23&_nc_ht=scontent-lga3-2.xx&edm=AKIiGfEEAAAA&_nc_gid=z6bkEWB-SMTfLWuvh32xgg&_nc_tpa=Q5bMBQEoSKdkmiQgKoSsAteaO_z0K10J94n3EaQTJa5fS1u6mvhfQ5lTvs-s7-Umi3bkU-_gXrBWBA3ntQ&oh=00_AQEGILTcXfScz-TBbxkjfPFbNywaY8c8_YjlhQDDnYkFig&oe=6A7669BF,,,,,,143,20,0,163,,,,meta_recent_content,https://graph.facebook.com/v25.0/107579258704403,2026-08-03T08:08:24-04:00,,,,
,girlfriend-instagram:external:17988918542907177,girlfriend-instagram,instagram,Instagram,officialladysublime,17988918542907177,2025-11-18T19:37:32+0000,2025-11-18,Instagram carousel_album,Too tight? Or perfect fit? 🔥,carousel_album,https://www.instagram.com/p/DRNbWncEn3i/,https://scontent-lga3-2.cdninstagram.com/v/t51.82787-15/583186370_18082517156164966_7617102132612823883_n.jpg?stp=dst-jpg_e35_tt6&_nc_cat=101&ccb=7-5&_nc_sid=18de74&efg=eyJlZmdfdGFnIjoiQ0FST1VTRUxfSVRFTS5iZXN0X2ltYWdlX3VybGdlbi5DMyJ9&_nc_ohc=liKqp1mlIoYQ7kNvwG2QBBT&_nc_oc=AdrFh1m8aXSv2JyCiQa2PCRrk78QOfsgxLFsj0WecdJAmc3qID-Qr6zqIv5p4RXJbf_Z776Wh5BDfFcP_BOOSP1V&_nc_zt=23&_nc_ht=scontent-lga3-2.cdninstagram.com&edm=AM6HXa8EAAAA&_nc_gid=2vveOjcnJEixJaWPO0tejA&oh=00_AQG4Kivw8aO7pG8MVvT0LOF6P4n20th0AXp5OM0koMeNMQ&oe=6A7669BF,https://scontent-lga3-2.cdninstagram.com/v/t51.82787-15/583186370_18082517156164966_7617102132612823883_n.jpg?stp=dst-jpg_e35_tt6&_nc_cat=101&ccb=7-5&_nc_sid=18de74&efg=eyJlZmdfdGFnIjoiQ0FST1VTRUxfSVRFTS5iZXN0X2ltYWdlX3VybGdlbi5DMyJ9&_nc_ohc=liKqp1mlIoYQ7kNvwG2QBBT&_nc_oc=AdrFh1m8aXSv2JyCiQa2PCRrk78QOfsgxLFsj0WecdJAmc3qID-Qr6zqIv5p4RXJbf_Z776Wh5BDfFcP_BOOSP1V&_nc_zt=23&_nc_ht=scontent-lga3-2.cdninstagram.com&edm=AM6HXa8EAAAA&_nc_gid=2vveOjcnJEixJaWPO0tejA&oh=00_AQG4Kivw8aO7pG8MVvT0LOF6P4n20th0AXp5OM0koMeNMQ&oe=6A7669BF,,,,,,6523,262,,6785,,,,meta_recent_content,https://graph.facebook.com/v25.0/17841434948962018,2026-08-03T08:08:21-04:00,,,,
,lady-sublime-facebook-page:external:107579258704403_767220922742416,lady-sublime-facebook-page,facebook,Facebook Page,Lady Sublime,107579258704403_767220922742416,2025-09-17T01:54:00+0000,2025-09-17,Facebook Page post,Current fits or outgrown clothes.. Which do you think looks better? 🤭,post,https://www.facebook.com/984245981039908/posts/767220922742416,https://scontent-lga3-2.xx.fbcdn.net/v/t51.82787-15/549723378_18075200939164966_3684201857735661291_n.jpg?stp=dst-jpg_s130x130_tt6&_nc_cat=101&ccb=1-7&_nc_sid=127cfc&_nc_ohc=rOYfbZ9BmoYQ7kNvwHqA0VA&_nc_oc=Adou33-mtMuFwnKcujrrXuxsMlr1V9PnzU9sQcs4pOXQ9WKcV2w8FSqkN_sLA06FCXwvcqJpUMZZAsRX8Pwc2v_X&_nc_zt=23&_nc_ht=scontent-lga3-2.xx&edm=AKIiGfEEAAAA&_nc_gid=z6bkEWB-SMTfLWuvh32xgg&_nc_tpa=Q5bMBQFBc8qiW6Ju5xZvvuCmLeaJ5AgSnfBk3lzJGDEQdV8NFWKFzipclYCYxPirR121gcTeLFAJWighZg&oh=00_AQGcJNFRWZHfpBrJo5v0cwmqraQTG6BY93DA-3PrpfMdJQ&oe=6A764976,https://scontent-lga3-2.xx.fbcdn.net/v/t51.82787-15/549723378_18075200939164966_3684201857735661291_n.jpg?stp=dst-jpg_s720x720_tt6&_nc_cat=101&ccb=1-7&_nc_sid=127cfc&_nc_ohc=rOYfbZ9BmoYQ7kNvwHqA0VA&_nc_oc=Adou33-mtMuFwnKcujrrXuxsMlr1V9PnzU9sQcs4pOXQ9WKcV2w8FSqkN_sLA06FCXwvcqJpUMZZAsRX8Pwc2v_X&_nc_zt=23&_nc_ht=scontent-lga3-2.xx&edm=AKIiGfEEAAAA&_nc_gid=z6bkEWB-SMTfLWuvh32xgg&_nc_tpa=Q5bMBQFW9nbsSkU7XdqW4KMzx6Vfyj9GN3tLqEiG8hhFEQr993bON4ff8qeurlTbkQ8xPTqZ-zG3lqNnFQ&oh=00_AQH5VxWFrfYUPeyrXFIpgyWHKwKWksIubCOCnc12n42GZw&oe=6A764976,,,,,,82,9,0,91,,,,meta_recent_content,https://graph.facebook.com/v25.0/107579258704403,2026-08-03T08:08:24-04:00,,,,
,girlfriend-instagram:external:18083900222502546,girlfriend-instagram,instagram,Instagram,officialladysublime,18083900222502546,2025-09-17T01:53:55+0000,2025-09-17,Instagram carousel_album,Current fits or outgrown clothes.. Which do you think looks better? 🤭,carousel_album,https://www.instagram.com/p/DOr4WMxiQ8h/,https://scontent-lga3-2.cdninstagram.com/v/t51.82787-15/549723378_18075200939164966_3684201857735661291_n.jpg?stp=dst-jpg_e35_tt6&_nc_cat=101&ccb=7-5&_nc_sid=18de74&efg=eyJlZmdfdGFnIjoiQ0FST1VTRUxfSVRFTS5iZXN0X2ltYWdlX3VybGdlbi5DMyJ9&_nc_ohc=rOYfbZ9BmoYQ7kNvwHqA0VA&_nc_oc=Adou33-mtMuFwnKcujrrXuxsMlr1V9PnzU9sQcs4pOXQ9WKcV2w8FSqkN_sLA06FCXwvcqJpUMZZAsRX8Pwc2v_X&_nc_zt=23&_nc_ht=scontent-lga3-2.cdninstagram.com&edm=AM6HXa8EAAAA&_nc_gid=2vveOjcnJEixJaWPO0tejA&oh=00_AQF-5Bx5ubbeyVEHKtQpIIU0qGyTKl8GQGc-ptZ90KrlUA&oe=6A764976,https://scontent-lga3-2.cdninstagram.com/v/t51.82787-15/549723378_18075200939164966_3684201857735661291_n.jpg?stp=dst-jpg_e35_tt6&_nc_cat=101&ccb=7-5&_nc_sid=18de74&efg=eyJlZmdfdGFnIjoiQ0FST1VTRUxfSVRFTS5iZXN0X2ltYWdlX3VybGdlbi5DMyJ9&_nc_ohc=rOYfbZ9BmoYQ7kNvwHqA0VA&_nc_oc=Adou33-mtMuFwnKcujrrXuxsMlr1V9PnzU9sQcs4pOXQ9WKcV2w8FSqkN_sLA06FCXwvcqJpUMZZAsRX8Pwc2v_X&_nc_zt=23&_nc_ht=scontent-lga3-2.cdninstagram.com&edm=AM6HXa8EAAAA&_nc_gid=2vveOjcnJEixJaWPO0tejA&oh=00_AQF-5Bx5ubbeyVEHKtQpIIU0qGyTKl8GQGc-ptZ90KrlUA&oe=6A764976,,,,,,3007,111,,3118,,,,meta_recent_content,https://graph.facebook.com/v25.0/17841434948962018,2026-08-03T08:08:21-04:00,,,,
,girlfriend-instagram:external:18087784048871267,girlfriend-instagram,instagram,Instagram,officialladysublime,18087784048871267,2025-09-17T01:10:34+0000,2025-09-17,Instagram reel,I love how quickly my sizes have changed. It’s so validating to witness my body’s evolution! 😍,reel,https://www.instagram.com/reel/DOrzK68D9zP/,https://scontent-lga3-1.cdninstagram.com/v/t51.71878-15/549515318_786824937064612_8761257486406147845_n.jpg?stp=dst-jpg_e35_tt6&_nc_cat=103&ccb=7-5&_nc_sid=18de74&efg=eyJlZmdfdGFnIjoiQ0xJUFMuYmVzdF9pbWFnZV91cmxnZW4uQzMifQ%3D%3D&_nc_ohc=xh58hmGCgosQ7kNvwEqVaHN&_nc_oc=AdoXtExSVVylM0HWMsFM08hrkRGDijgX-GmwlSevginjNXe7-Mtrb15UXXbXeR7McSkvgesqFkSEpvxHoTmXlMR4&_nc_zt=23&_nc_ht=scontent-lga3-1.cdninstagram.com&edm=AM6HXa8EAAAA&_nc_gid=2vveOjcnJEixJaWPO0tejA&_nc_tpa=Q5bMBQH816a_8zOSo_crz9-OG7wyrBNFQSIaFlDuH7oDuBIXJGEYPAy4zczNG5NehKUaXBau-74XScfjwg&oh=00_AQFEoF3Nl0qA0XKpoyj5uqN9uBQxn_G3V6xpmIJvXcsbhw&oe=6A7663BB,https://scontent-lga3-2.cdninstagram.com/o1/v/t2/f2/m367/AQOm5IpdMER9S2wsNLBXfPqVuCSo9zLY87smGCuT7yP3WZQlKZB8D6wxiD_fx4PBUlqSzOwVav2wLU7AC3QmZGHdckFnmqM6DR4aOTc.mp4?_nc_cat=105&_nc_sid=5e9851&_nc_ht=scontent-lga3-2.cdninstagram.com&_nc_ohc=fO8zCPCFDIIQ7kNvwECe7Za&efg=eyJ2ZW5jb2RlX3RhZyI6Inhwdl9wcm9ncmVzc2l2ZS5JTlNUQUdSQU0uQ0xJUFMuQzMuNzIwLmRhc2hfYmFzZWxpbmVfMV92MSIsInhwdl9hc3NldF9pZCI6NzgxMzkyNTExMjk2MTI5LCJhc3NldF9hZ2VfZGF5cyI6MzIwLCJ2aV91c2VjYXNlX2lkIjoxMDA5OSwiZHVyYXRpb25fcyI6ODEsInVybGdlbl9zb3VyY2UiOiJ3d3cifQ%3D%3D&ccb=17-1&vs=5d3cf83792835856&_nc_vs=HBksFQIYQGlnX2VwaGVtZXJhbC9DRDQyQUM3NjZBOTlBMEQyQjJCREZGMDhGNEVDMTBCMV92aWRlb19kYXNoaW5pdC5tcDQVAALIARIAFQIYRmlnX3hwdl9yZWVsc19wZXJtYW5lbnRfc3JfcHJvZC83MzgxODM2OTU4NTA1ODlfMjE4MDgxNTUwNjY2ODE1NTQ1Ni5tcDQVAgLIARIAKAAYABsCiAd1c2Vfb2lsATEScHJvZ3Jlc3NpdmVfcmVjaXBlATEVAAAmgoqH8YOr4wIVAigCQzMsF0BUYhysCDEnGBJkYXNoX2Jhc2VsaW5lXzFfdjERAHX-B2XmnQEA&_nc_gid=2vveOjcnJEixJaWPO0tejA&edm=AM6HXa8EAAAA&_nc_zt=28&oh=00_AQFSetKLX_oE1IA-AOb_PddxhjHU9ctCemD7OkWTr7QCWA&oe=6A7662A2,,,,,,18,0,,18,,,,meta_recent_content,https://graph.facebook.com/v25.0/17841434948962018,2026-08-03T08:08:21-04:00,,,,
,girlfriend-instagram:external:18198557929312255,girlfriend-instagram,instagram,Instagram,officialladysublime,18198557929312255,2025-09-17T01:05:49+0000,2025-09-17,Instagram reel,It’s exciting to defy expectations of how big a person can be. Watching my belly grow and feeling my clothes get snug is such a fulfilling experience! 😍,reel,https://www.instagram.com/reel/DOryrRfj1x_/,https://scontent-lga3-2.cdninstagram.com/v/t51.71878-15/549654164_761823096720990_3279234831596113874_n.jpg?stp=dst-jpg_e35_tt6&_nc_cat=105&ccb=7-5&_nc_sid=18de74&efg=eyJlZmdfdGFnIjoiQ0xJUFMuYmVzdF9pbWFnZV91cmxnZW4uQzMifQ%3D%3D&_nc_ohc=yuNh4b3BY8AQ7kNvwGdOVbO&_nc_oc=Adpy0aT5pkC7zhEwG829EEd4FVgggVWiFP4wNiKYKVsWvNDB93njwJ1R01Ww4qW-ltssQAOt_eEXEc0_YzH5SyW3&_nc_zt=23&_nc_ht=scontent-lga3-2.cdninstagram.com&edm=AM6HXa8EAAAA&_nc_gid=2vveOjcnJEixJaWPO0tejA&_nc_tpa=Q5bMBQGLwrCczuvmzAzzIH5885ExysUUHdnjyLmYA-PX9DzAEdTjmDuzZhAbTN8vLiYVs2Wme6dcOjuiow&oh=00_AQEawAfywcp6LdBeq6kCGe5EJgGU9UXqjY9dvS1pF65lOQ&oe=6A765D71,https://scontent-lga3-3.cdninstagram.com/o1/v/t2/f2/m367/AQNpK9TKtIB9uyRDhMvQ131lLXeLAzuOLmJ2MUrhEBw5JuBT1N22iGjwKq1dS9ItrtiiX0lzZOQJjO1rAbm0zI7m9VlEUJOEgTjhO-I.mp4?_nc_cat=106&_nc_sid=5e9851&_nc_ht=scontent-lga3-3.cdninstagram.com&_nc_ohc=VR_qOYBW22kQ7kNvwHx78iB&efg=eyJ2ZW5jb2RlX3RhZyI6Inhwdl9wcm9ncmVzc2l2ZS5JTlNUQUdSQU0uQ0xJUFMuQzMuNzIwLmRhc2hfYmFzZWxpbmVfMV92MSIsInhwdl9hc3NldF9pZCI6MTA5NzI1ODI4OTE4NzM0MiwiYXNzZXRfYWdlX2RheXMiOjMyMCwidmlfdXNlY2FzZV9pZCI6MTAwOTksImR1cmF0aW9uX3MiOjU5LCJ1cmxnZW5fc291cmNlIjoid3d3In0%3D&ccb=17-1&vs=15653bc2a5bb71f2&_nc_vs=HBksFQIYQGlnX2VwaGVtZXJhbC8xNDRCNTc5NjQ0QTVDODdCQTlGMDlGRkZGNkJDRjJBNl92aWRlb19kYXNoaW5pdC5tcDQVAALIARIAFQIYRmlnX3hwdl9yZWVsc19wZXJtYW5lbnRfc3JfcHJvZC83NTk3OTU2ODAyOTcyODhfODUxMDE5MTI4MzQxNzgwNzc3Mi5tcDQVAgLIARIAKAAYABsCiAd1c2Vfb2lsATEScHJvZ3Jlc3NpdmVfcmVjaXBlATEVAAAmnKjuqOv88gMVAigCQzMsF0BN4gxJul41GBJkYXNoX2Jhc2VsaW5lXzFfdjERAHX-B2XmnQEA&_nc_gid=2vveOjcnJEixJaWPO0tejA&edm=AM6HXa8EAAAA&_nc_zt=28&oh=00_AQFsZM7oUGSn5pw8fxmmplP0Zb0yClw7gEEfJvE0OpU9dA&oe=6A766BFF,,,,,,15,1,,16,,,,meta_recent_content,https://graph.facebook.com/v25.0/17841434948962018,2026-08-03T08:08:21-04:00,,,,
,girlfriend-instagram:external:17921907945117331,girlfriend-instagram,instagram,Instagram,officialladysublime,17921907945117331,2025-09-17T01:01:54+0000,2025-09-17,Instagram reel,Finding the right bra can feel impossible at this size. Weight gain is such an adventure when it comes to dressing a bigger body! 😍,reel,https://www.instagram.com/reel/DOrxQM7j41i/,https://scontent-lga3-1.cdninstagram.com/v/t51.71878-15/548896955_2276472642824529_295168526456678683_n.jpg?stp=dst-jpg_e35_tt6&_nc_cat=110&ccb=7-5&_nc_sid=18de74&efg=eyJlZmdfdGFnIjoiQ0xJUFMuYmVzdF9pbWFnZV91cmxnZW4uQzMifQ%3D%3D&_nc_ohc=l_DQQ9iv1IMQ7kNvwG8nEM2&_nc_oc=Adp47HBSryc-M-435t7XkArgIVsS1tdXk4BiDBr4RwZ_mYzg1hLZofKaqxkOMTmMD4VmubE69H-r2PDRN6rUVqlm&_nc_zt=23&_nc_ht=scontent-lga3-1.cdninstagram.com&edm=AM6HXa8EAAAA&_nc_gid=2vveOjcnJEixJaWPO0tejA&_nc_tpa=Q5bMBQHe898zf-7u18gMHC13aQKFSBN5IPkx00Ja_mEmOl-YNnylUz9zDXgzarbwTk3xn6cjYdZC-Ye9CA&oh=00_AQGCYJLySh1aNDmIbvtQnwXv9j7UZzdHPP303B0fcv7WzQ&oe=6A764501,https://scontent-lga3-2.cdninstagram.com/o1/v/t2/f2/m367/AQNOwCeo2h6ZojEebmb5sxsHJXGDKa4wDSYC3TbO91aHHGKBcSYKgFloh5pxRrj2FcfLmkl05oEXVnadbu2xJN4BUhfao7J4PnbkUmU.mp4?_nc_cat=100&_nc_sid=5e9851&_nc_ht=scontent-lga3-2.cdninstagram.com&_nc_ohc=7bSl35n3PQUQ7kNvwHkl6Xt&efg=eyJ2ZW5jb2RlX3RhZyI6Inhwdl9wcm9ncmVzc2l2ZS5JTlNUQUdSQU0uQ0xJUFMuQzMuNzIwLmRhc2hfYmFzZWxpbmVfMV92MSIsInhwdl9hc3NldF9pZCI6MjcxODMyODc4MTcwMzkzMCwiYXNzZXRfYWdlX2RheXMiOjMyMCwidmlfdXNlY2FzZV9pZCI6MTAwOTksImR1cmF0aW9uX3MiOjc1LCJ1cmxnZW5fc291cmNlIjoid3d3In0%3D&ccb=17-1&vs=ab0e0765dcc38a60&_nc_vs=HBksFQIYQGlnX2VwaGVtZXJhbC9CNzQ1NTI5NDMxMzk4NEVEOTIyNkFFQjc5ODBDQkQ4NF92aWRlb19kYXNoaW5pdC5tcDQVAALIARIAFQIYR2lnX3hwdl9yZWVsc19wZXJtYW5lbnRfc3JfcHJvZC8xNTAxMDYyNjU3NjkzMDc2XzgwMjUxODYxNDQ3MTgxMTc3NjQubXA0FQICyAESACgAGAAbAogHdXNlX29pbAExEnByb2dyZXNzaXZlX3JlY2lwZQExFQAAJvSr1NbHk9QJFQIoAkMzLBdAUuiDEm6XjRgSZGFzaF9iYXNlbGluZV8xX3YxEQB1_gdl5p0BAA&_nc_gid=2vveOjcnJEixJaWPO0tejA&edm=AM6HXa8EAAAA&_nc_zt=28&oh=00_AQHrHXjXO1-5AcZETy7Ym2Vd7d4YNpqJMV3PzdbPvc8wyA&oe=6A763C75,,,,,,15,1,,16,,,,meta_recent_content,https://graph.facebook.com/v25.0/17841434948962018,2026-08-03T08:08:21-04:00,,,,
,lady-sublime-facebook-page:external:107579258704403_742160631915112,lady-sublime-facebook-page,facebook,Facebook Page,Lady Sublime,107579258704403_742160631915112,2025-08-16T02:17:12+0000,2025-08-16,Facebook Page reel,One time Jaime Preciado stood on my hand at a show. 🤭🖤,reel,https://www.facebook.com/reel/1119748093399860/,https://scontent-lga3-3.xx.fbcdn.net/v/t15.5256-10/532233701_1474345886931146_2573069349530533389_n.jpg?stp=dst-jpg_s130x130_tt6&_nc_cat=106&ccb=1-7&_nc_sid=5fad0e&_nc_ohc=PQhp4NbP0MIQ7kNvwF27J4f&_nc_oc=Adqqod7uEVnMex9nb78dIqArC_88F-uhtR6rOxA8Pm_GH3Uln0wW-0eEkKdqWLvN7Sg1FoVhb7rzc209Rq0XpwU-&_nc_zt=23&_nc_ht=scontent-lga3-3.xx&edm=AKIiGfEEAAAA&_nc_gid=z6bkEWB-SMTfLWuvh32xgg&_nc_tpa=Q5bMBQFLzT-r4lBtzYbvBGr2pZZV828yiHkVbAbRjqZbS41JC00D65oA-1aXClu1ohQqJTOJ_qJbcvgTAg&oh=00_AQGcB24YHVSqzLVff8me8b--5s2BNvJs2Er_QZDVZMoFNw&oe=6A766F49,https://scontent-lga3-3.xx.fbcdn.net/v/t15.5256-10/532233701_1474345886931146_2573069349530533389_n.jpg?_nc_cat=106&ccb=1-7&_nc_sid=5fad0e&_nc_ohc=PQhp4NbP0MIQ7kNvwF27J4f&_nc_oc=Adqqod7uEVnMex9nb78dIqArC_88F-uhtR6rOxA8Pm_GH3Uln0wW-0eEkKdqWLvN7Sg1FoVhb7rzc209Rq0XpwU-&_nc_zt=23&_nc_ht=scontent-lga3-3.xx&edm=AKIiGfEEAAAA&_nc_gid=z6bkEWB-SMTfLWuvh32xgg&_nc_tpa=Q5bMBQGBnhOE8Uoi0OBEpQtifgGQ72aEtU623C0ymruod4exgP7IFb96hHsqtb0gq4UjiGmwWry_nmbYyg&oh=00_AQGyyFBjBm6TMV6FY-Cr8aGSOCAYn6hpCldXETPBTfvWFQ&oe=6A766F49,,,,,,182,27,2,211,,,,meta_recent_content,https://graph.facebook.com/v25.0/107579258704403,2026-08-03T08:08:24-04:00,,,,
,girlfriend-instagram:external:18060616307370977,girlfriend-instagram,instagram,Instagram,officialladysublime,18060616307370977,2025-08-16T02:03:30+0000,2025-08-16,Instagram reel,One time Jaime Preciado stood on my hand at a show. 🤭🖤,reel,https://www.instagram.com/reel/DNZfSCExWbY/,https://scontent-lga3-3.cdninstagram.com/v/t51.82787-15/533257521_18072217409164966_9222209372572372472_n.jpg?stp=dst-jpg_e35_tt6&_nc_cat=104&ccb=7-5&_nc_sid=18de74&efg=eyJlZmdfdGFnIjoiQ0xJUFMuYmVzdF9pbWFnZV91cmxnZW4uQzMifQ%3D%3D&_nc_ohc=Jua_o7bH5ZoQ7kNvwFNxX1Q&_nc_oc=Ado9jaPfV3jf-0LijojvJtrOnSivJes4-mw2hWhx0u_udKovXaEOZwIW_pPgh5rVXMcMmv1cij4eVZ-sV2kcqKPl&_nc_zt=23&_nc_ht=scontent-lga3-3.cdninstagram.com&edm=AM6HXa8EAAAA&_nc_gid=2vveOjcnJEixJaWPO0tejA&_nc_tpa=Q5bMBQES6yMnW0yrTkY04w8Ak1ydaV7aveQKFwmoJUYmq_a_twHPqblOYP3XaEswO9iC_EyPH7FtAT5eNg&oh=00_AQGWEi0AoLpw0AYKcwTQ8dmjivb0dNneIPQKjv2kx7WGeA&oe=6A766844,https://scontent-lga3-3.cdninstagram.com/v/t51.82787-15/533257521_18072217409164966_9222209372572372472_n.jpg?stp=dst-jpg_e35_tt6&_nc_cat=104&ccb=7-5&_nc_sid=18de74&efg=eyJlZmdfdGFnIjoiQ0xJUFMuYmVzdF9pbWFnZV91cmxnZW4uQzMifQ%3D%3D&_nc_ohc=Jua_o7bH5ZoQ7kNvwFNxX1Q&_nc_oc=Ado9jaPfV3jf-0LijojvJtrOnSivJes4-mw2hWhx0u_udKovXaEOZwIW_pPgh5rVXMcMmv1cij4eVZ-sV2kcqKPl&_nc_zt=23&_nc_ht=scontent-lga3-3.cdninstagram.com&edm=AM6HXa8EAAAA&_nc_gid=2vveOjcnJEixJaWPO0tejA&_nc_tpa=Q5bMBQES6yMnW0yrTkY04w8Ak1ydaV7aveQKFwmoJUYmq_a_twHPqblOYP3XaEswO9iC_EyPH7FtAT5eNg&oh=00_AQGWEi0AoLpw0AYKcwTQ8dmjivb0dNneIPQKjv2kx7WGeA&oe=6A766844,,,,,,7022,372,,7394,,,,meta_recent_content,https://graph.facebook.com/v25.0/17841434948962018,2026-08-03T08:08:21-04:00,,,,
,girlfriend-instagram:external:17903950800090654,girlfriend-instagram,instagram,Instagram,officialladysublime,17903950800090654,2025-07-28T07:03:20+0000,2025-07-28,Instagram reel,That feeling when you're 'too big' for everything? Pure bliss. The secret? Constant consumption and expansion. Clothes? Chairs? Restaurant booths? All too small.,reel,https://www.instagram.com/reel/DMpHJQnND4w/,https://scontent-lga3-1.cdninstagram.com/v/t51.82787-15/522640029_18070427663164966_7979084290024438449_n.jpg?stp=dst-jpg_e35_tt6&_nc_cat=110&ccb=7-5&_nc_sid=18de74&efg=eyJlZmdfdGFnIjoiQ0xJUFMuYmVzdF9pbWFnZV91cmxnZW4uQzMifQ%3D%3D&_nc_ohc=R3Bx1d_kbMsQ7kNvwGxwtCh&_nc_oc=AdpTYkR1OXfNa9D2JaK6lXyO5txh2N2jz1IDBN8z3MWuNsG2OvT69Gx8H2bmQI58cm86EWN9rivlPNiHcI5GsD3T&_nc_zt=23&_nc_ht=scontent-lga3-1.cdninstagram.com&edm=AM6HXa8EAAAA&_nc_gid=2vveOjcnJEixJaWPO0tejA&_nc_tpa=Q5bMBQGC_KOUdT9G7YkdU1pwWMPWoLj0wjRIY-u5HqJ3qT5WqirL2kioztGYiKDA74mIvGveImzTeoczOw&oh=00_AQFQamY2vlibXHJ-MiVWHjbiu2jPliTXdfh4JyWHiMjPxQ&oe=6A763C6F,https://scontent-lga3-3.cdninstagram.com/o1/v/t2/f2/m86/AQMIun2oy8Po0S7qhVxgyWoT1NnV_l1K7PLQTiStfEc13aqv9N3AUcI8BjQCb_uwdUh3JB4Ti13grwmF1D7n1cwmvDqS8vOXHNna9ls.mp4?_nc_cat=102&_nc_sid=5e9851&_nc_ht=scontent-lga3-3.cdninstagram.com&_nc_ohc=YdkSxzTB7q8Q7kNvwGDYCqH&efg=eyJ2ZW5jb2RlX3RhZyI6Inhwdl9wcm9ncmVzc2l2ZS5JTlNUQUdSQU0uQ0xJUFMuQzMuNzIwLmRhc2hfYmFzZWxpbmVfMV92MSIsInhwdl9hc3NldF9pZCI6NzI2ODE2MDkwMTM2NDQxLCJhc3NldF9hZ2VfZGF5cyI6MzcxLCJ2aV91c2VjYXNlX2lkIjoxMDA5OSwiZHVyYXRpb25fcyI6MzYsInVybGdlbl9zb3VyY2UiOiJ3d3cifQ%3D%3D&ccb=17-1&vs=bc8af9c10373f0e2&_nc_vs=HBksFQIYUmlnX3hwdl9yZWVsc19wZXJtYW5lbnRfc3JfcHJvZC80OTQwQzdGRTdBNjMyNjg0RDcxNTZGQzU1RjRFMDdBQ192aWRlb19kYXNoaW5pdC5tcDQVAALIARIAFQIYSGlnX3hwdl9yZWVsc19wZXJtYW5lbnRfc3JfcHJvZC8yNDQyNTkyNTgxMzc0MTA2N18xMDkwMzMzNjMyNjU2NTExNTQ2Lm1wNBUCAsgBEgAoABgAGwKIB3VzZV9vaWwBMRJwcm9ncmVzc2l2ZV9yZWNpcGUBMRUAACby_fTtocLKAhUCKAJDMywXQEId0vGp--cYEmRhc2hfYmFzZWxpbmVfMV92MREAdf4HZeadAQA&_nc_gid=2vveOjcnJEixJaWPO0tejA&edm=AM6HXa8EAAAA&_nc_zt=28&oh=00_AQG7GrDbryacSLDJhku57jSIUP721HgEo1XO0UXgi0Hfog&oe=6A726BB3,,,,,,3453,62,,3515,,,,meta_recent_content,https://graph.facebook.com/v25.0/17841434948962018,2026-08-03T08:08:21-04:00,,,,
,lady-sublime-facebook-page:external:107579258704403_727270700070772,lady-sublime-facebook-page,facebook,Facebook Page,Lady Sublime,107579258704403_727270700070772,2025-07-28T07:00:57+0000,2025-07-28,Facebook Page reel,"That feeling of outgrowing old constraints? “The best fucking feeling in the world.” It's about pushing boundaries, physical and otherwise, and embracing growth, even when it means constant consumption and exceeding limitations. Are you growing?",reel,https://www.facebook.com/reel/1322477252730257/,https://scontent-lga3-1.xx.fbcdn.net/v/t15.5256-10/525329903_1241445860534395_1951471040506258113_n.jpg?stp=dst-jpg_s130x130_tt6&_nc_cat=111&ccb=1-7&_nc_sid=5fad0e&_nc_ohc=X370ciA0jpcQ7kNvwH9BQei&_nc_oc=Adru1EV-7bZMl5ZJqAvrCcGtzQDahIoQKsnZutcHq6bDW-gfbuTD_lTUQ9d85ars0AjG31gzQX9D7hp-LrgTxW17&_nc_zt=23&_nc_ht=scontent-lga3-1.xx&edm=AKIiGfEEAAAA&_nc_gid=z6bkEWB-SMTfLWuvh32xgg&_nc_tpa=Q5bMBQHysBjZ5Zw9wPDCvlf-uBuKt4qeU-tY8s0JFI92pMsFUvD5KhoLsoeBGpkkv77wm9S8E2uiTS1DdQ&oh=00_AQHz1C884TpzPoGcRjt7Vz6KtNUYe9tTX59aGk-zWYGIuw&oe=6A765C8C,https://scontent-lga3-1.xx.fbcdn.net/v/t15.5256-10/525329903_1241445860534395_1951471040506258113_n.jpg?_nc_cat=111&ccb=1-7&_nc_sid=5fad0e&_nc_ohc=X370ciA0jpcQ7kNvwH9BQei&_nc_oc=Adru1EV-7bZMl5ZJqAvrCcGtzQDahIoQKsnZutcHq6bDW-gfbuTD_lTUQ9d85ars0AjG31gzQX9D7hp-LrgTxW17&_nc_zt=23&_nc_ht=scontent-lga3-1.xx&edm=AKIiGfEEAAAA&_nc_gid=z6bkEWB-SMTfLWuvh32xgg&_nc_tpa=Q5bMBQGw42Py1bQSNw1aMEVFJOXpYbpxcYWK7v_q728870gIHZW38BhutkOxSlQ_9KaKKMlbvraRsxIN-g&oh=00_AQHioqkHGQ7affhVQblZoJ-nm4SFN8NqjwxuCXhNMD-21Q&oe=6A765C8C,,,,,,103,12,1,116,,,,meta_recent_content,https://graph.facebook.com/v25.0/107579258704403,2026-08-03T08:08:24-04:00,,,,
,lady-sublime-facebook-page:external:107579258704403_725416256922883,lady-sublime-facebook-page,facebook,Facebook Page,Lady Sublime,107579258704403_725416256922883,2025-07-25T20:02:55+0000,2025-07-25,Facebook Page post,Which part would make the best pillow? 😌,post,https://www.facebook.com/984245981039908/posts/725416256922883,https://scontent-lga3-2.xx.fbcdn.net/v/t51.82787-15/524640381_18070182779164966_4230269132870612228_n.jpg?stp=dst-jpg_s173x172_tt6&_nc_cat=101&ccb=1-7&_nc_sid=127cfc&_nc_ohc=2VNU73dtR-sQ7kNvwEi2Huy&_nc_oc=AdpaxNb4SuEIt5Bcps-m3KXtHd0ziuj6PtYmEQCwe3hZWDuzTzm2XSBnLOCiwj98VJ6yDhk1wyTOyO4HdGLgD3Yq&_nc_zt=23&_nc_ht=scontent-lga3-2.xx&edm=AKIiGfEEAAAA&_nc_gid=z6bkEWB-SMTfLWuvh32xgg&_nc_tpa=Q5bMBQE5K6rv1miotkYfN4EZb84LbbHJ-6yaLZJQubLTwUQHt1G0qIG6oFq3c5F-7vx1JgzCNfxWzs3G-A&oh=00_AQFqJ2lh57QleNPRqSKywRNtguDwyDaj5EO9ySFivpQCbg&oe=6A764D62,https://scontent-lga3-2.xx.fbcdn.net/v/t51.82787-15/524640381_18070182779164966_4230269132870612228_n.jpg?stp=dst-jpg_s960x960_tt6&_nc_cat=101&ccb=1-7&_nc_sid=127cfc&_nc_ohc=2VNU73dtR-sQ7kNvwEi2Huy&_nc_oc=AdpaxNb4SuEIt5Bcps-m3KXtHd0ziuj6PtYmEQCwe3hZWDuzTzm2XSBnLOCiwj98VJ6yDhk1wyTOyO4HdGLgD3Yq&_nc_zt=23&_nc_ht=scontent-lga3-2.xx&edm=AKIiGfEEAAAA&_nc_gid=z6bkEWB-SMTfLWuvh32xgg&_nc_tpa=Q5bMBQFfFkn9pgOUUvvbSDWOxglrLrRdsQho2VMrfum5I67S-yfEBhy9vfsGIQAnl3oeKIF9gmoVRWeIPw&oh=00_AQECwlEN1J5ERwkD0X0vIgsD7T_ApPyVZEhj9CZUbSWkgQ&oe=6A764D62,,,,,,146,23,0,169,,,,meta_recent_content,https://graph.facebook.com/v25.0/107579258704403,2026-08-03T08:08:24-04:00,,,,
,girlfriend-instagram:external:18047923004565830,girlfriend-instagram,instagram,Instagram,officialladysublime,18047923004565830,2025-07-25T20:02:48+0000,2025-07-25,Instagram carousel_album,Which part would make the best pillow? 😌,carousel_album,https://www.instagram.com/p/DMiyCJpS826/,https://scontent-lga3-2.cdninstagram.com/v/t51.82787-15/524640381_18070182779164966_4230269132870612228_n.jpg?stp=dst-jpg_e35_tt6&_nc_cat=101&ccb=7-5&_nc_sid=18de74&efg=eyJlZmdfdGFnIjoiQ0FST1VTRUxfSVRFTS5iZXN0X2ltYWdlX3VybGdlbi5DMyJ9&_nc_ohc=2VNU73dtR-sQ7kNvwEi2Huy&_nc_oc=AdpaxNb4SuEIt5Bcps-m3KXtHd0ziuj6PtYmEQCwe3hZWDuzTzm2XSBnLOCiwj98VJ6yDhk1wyTOyO4HdGLgD3Yq&_nc_zt=23&_nc_ht=scontent-lga3-2.cdninstagram.com&edm=AM6HXa8EAAAA&_nc_gid=2vveOjcnJEixJaWPO0tejA&oh=00_AQHcUgKCMvJcBm-4kiUcFXCSLVzEH-JwpHjHVoNyuLqiVQ&oe=6A764D62,https://scontent-lga3-2.cdninstagram.com/v/t51.82787-15/524640381_18070182779164966_4230269132870612228_n.jpg?stp=dst-jpg_e35_tt6&_nc_cat=101&ccb=7-5&_nc_sid=18de74&efg=eyJlZmdfdGFnIjoiQ0FST1VTRUxfSVRFTS5iZXN0X2ltYWdlX3VybGdlbi5DMyJ9&_nc_ohc=2VNU73dtR-sQ7kNvwEi2Huy&_nc_oc=AdpaxNb4SuEIt5Bcps-m3KXtHd0ziuj6PtYmEQCwe3hZWDuzTzm2XSBnLOCiwj98VJ6yDhk1wyTOyO4HdGLgD3Yq&_nc_zt=23&_nc_ht=scontent-lga3-2.cdninstagram.com&edm=AM6HXa8EAAAA&_nc_gid=2vveOjcnJEixJaWPO0tejA&oh=00_AQHcUgKCMvJcBm-4kiUcFXCSLVzEH-JwpHjHVoNyuLqiVQ&oe=6A764D62,,,,,,6342,224,,6566,,,,meta_recent_content,https://graph.facebook.com/v25.0/17841434948962018,2026-08-03T08:08:21-04:00,,,,
,lady-sublime-facebook-page:external:107579258704403_665296046268238,lady-sublime-facebook-page,facebook,Facebook Page,Lady Sublime,107579258704403_665296046268238,2025-05-05T00:04:36+0000,2025-05-05,Facebook Page post,✨May the 4th be with you! ✨,post,https://www.facebook.com/984245981039908/posts/665296046268238,https://scontent-lga3-2.xx.fbcdn.net/v/t51.75761-15/495476490_18062332499164966_5665119942623708392_n.jpg?stp=dst-jpg_p130x130_tt6&_nc_cat=101&ccb=1-7&_nc_sid=127cfc&_nc_ohc=p4UAI37xRUkQ7kNvwF0PI2R&_nc_oc=AdrQ3oTrG9jYqwcKWzYofO4vxGDN71IQOcsUXgr29wXGQ6FyIsyv1kPdf9UakFDGydPIDtS3-d-md-HoknqapOYJ&_nc_zt=23&_nc_ht=scontent-lga3-2.xx&edm=AKIiGfEEAAAA&_nc_gid=z6bkEWB-SMTfLWuvh32xgg&_nc_tpa=Q5bMBQGJTwJlqb3oTwtosfC1KNwHN-IvC9kI2svtKpPQ8e_lVx8R7exknpZgYZnyAdGh-4GsxcW8wN9fRA&oh=00_AQFibwWV_5ROJzxg9VAXFTiR3UC6aFpYWMgIoRjFPeOiAA&oe=6A766284,https://scontent-lga3-2.xx.fbcdn.net/v/t51.75761-15/495476490_18062332499164966_5665119942623708392_n.jpg?stp=dst-jpg_p720x720_tt6&_nc_cat=101&ccb=1-7&_nc_sid=127cfc&_nc_ohc=p4UAI37xRUkQ7kNvwF0PI2R&_nc_oc=AdrQ3oTrG9jYqwcKWzYofO4vxGDN71IQOcsUXgr29wXGQ6FyIsyv1kPdf9UakFDGydPIDtS3-d-md-HoknqapOYJ&_nc_zt=23&_nc_ht=scontent-lga3-2.xx&edm=AKIiGfEEAAAA&_nc_gid=z6bkEWB-SMTfLWuvh32xgg&_nc_tpa=Q5bMBQGfbfkUw90eO7S2pFl86vfuYd-VtrPS5kOYn9CVnW_S6HNhsQlz4E_PotDvinSAtsM0PP8q8SwlZA&oh=00_AQEyQ-tQVZ5Wxn5gJrmyoOP8u69V5KEUd1nWOTzXyr7NZQ&oe=6A766284,,,,,,166,17,0,183,,,,meta_recent_content,https://graph.facebook.com/v25.0/107579258704403,2026-08-03T08:08:24-04:00,,,,
,girlfriend-instagram:external:18018594410705739,girlfriend-instagram,instagram,Instagram,officialladysublime,18018594410705739,2025-05-05T00:04:32+0000,2025-05-05,Instagram image,✨May the 4th be with you! ✨,image,https://www.instagram.com/p/DJQEg6TyS6K/,https://scontent-lga3-2.cdninstagram.com/v/t51.75761-15/495476490_18062332499164966_5665119942623708392_n.jpg?stp=dst-jpg_e35_tt6&_nc_cat=101&ccb=7-5&_nc_sid=18de74&efg=eyJlZmdfdGFnIjoiRkVFRC5iZXN0X2ltYWdlX3VybGdlbi5DMyJ9&_nc_ohc=p4UAI37xRUkQ7kNvwF0PI2R&_nc_oc=AdrQ3oTrG9jYqwcKWzYofO4vxGDN71IQOcsUXgr29wXGQ6FyIsyv1kPdf9UakFDGydPIDtS3-d-md-HoknqapOYJ&_nc_zt=23&_nc_ht=scontent-lga3-2.cdninstagram.com&edm=AM6HXa8EAAAA&_nc_gid=2vveOjcnJEixJaWPO0tejA&oh=00_AQE-UCarraW9UV62OOjzCpam4WKSl8iH7MdJ-lJdFO_9lQ&oe=6A766284,https://scontent-lga3-2.cdninstagram.com/v/t51.75761-15/495476490_18062332499164966_5665119942623708392_n.jpg?stp=dst-jpg_e35_tt6&_nc_cat=101&ccb=7-5&_nc_sid=18de74&efg=eyJlZmdfdGFnIjoiRkVFRC5iZXN0X2ltYWdlX3VybGdlbi5DMyJ9&_nc_ohc=p4UAI37xRUkQ7kNvwF0PI2R&_nc_oc=AdrQ3oTrG9jYqwcKWzYofO4vxGDN71IQOcsUXgr29wXGQ6FyIsyv1kPdf9UakFDGydPIDtS3-d-md-HoknqapOYJ&_nc_zt=23&_nc_ht=scontent-lga3-2.cdninstagram.com&edm=AM6HXa8EAAAA&_nc_gid=2vveOjcnJEixJaWPO0tejA&oh=00_AQE-UCarraW9UV62OOjzCpam4WKSl8iH7MdJ-lJdFO_9lQ&oe=6A766284,,,,,,4983,127,,5110,,,,meta_recent_content,https://graph.facebook.com/v25.0/17841434948962018,2026-08-03T08:08:21-04:00,,,,
,girlfriend-instagram:external:17970736406854744,girlfriend-instagram,instagram,Instagram,officialladysublime,17970736406854744,2025-05-03T03:24:54+0000,2025-05-03,Instagram reel,I think I’m seeing gains already! 😍,reel,https://www.instagram.com/reel/DJLRNa9xRUX/,https://scontent-lga3-1.cdninstagram.com/v/t51.75761-15/495308979_18062154608164966_4697782671085275170_n.jpg?stp=dst-jpg_e35_tt6&_nc_cat=111&ccb=7-5&_nc_sid=18de74&efg=eyJlZmdfdGFnIjoiQ0xJUFMuYmVzdF9pbWFnZV91cmxnZW4uQzMifQ%3D%3D&_nc_ohc=iWhecKgxUUwQ7kNvwEh6mRV&_nc_oc=AdqQG7WvrPiHLJrwK00LDExNNbUqEwabj31r5rli9ai_BMfGs-fnZuXRMG82FHveItOQ2PULameUAL-m8-CySE4m&_nc_zt=23&_nc_ht=scontent-lga3-1.cdninstagram.com&edm=AM6HXa8EAAAA&_nc_gid=2vveOjcnJEixJaWPO0tejA&_nc_tpa=Q5bMBQGhuOwzWFvhpFhOrqw5SQqXd1KQrX39vIkWmDhsdgbdOnYiGekYU1c5KUYLif3f5O9hBanEv2oZTg&oh=00_AQE42bbSekPV_kxJidYBIFZMcM08yycsDqtLMnX4Bcx8Fw&oe=6A764915,https://scontent-lga3-1.cdninstagram.com/v/t51.75761-15/495308979_18062154608164966_4697782671085275170_n.jpg?stp=dst-jpg_e35_tt6&_nc_cat=111&ccb=7-5&_nc_sid=18de74&efg=eyJlZmdfdGFnIjoiQ0xJUFMuYmVzdF9pbWFnZV91cmxnZW4uQzMifQ%3D%3D&_nc_ohc=iWhecKgxUUwQ7kNvwEh6mRV&_nc_oc=AdqQG7WvrPiHLJrwK00LDExNNbUqEwabj31r5rli9ai_BMfGs-fnZuXRMG82FHveItOQ2PULameUAL-m8-CySE4m&_nc_zt=23&_nc_ht=scontent-lga3-1.cdninstagram.com&edm=AM6HXa8EAAAA&_nc_gid=2vveOjcnJEixJaWPO0tejA&_nc_tpa=Q5bMBQGhuOwzWFvhpFhOrqw5SQqXd1KQrX39vIkWmDhsdgbdOnYiGekYU1c5KUYLif3f5O9hBanEv2oZTg&oh=00_AQE42bbSekPV_kxJidYBIFZMcM08yycsDqtLMnX4Bcx8Fw&oe=6A764915,,,,,,14938,645,,15583,,,,meta_recent_content,https://graph.facebook.com/v25.0/17841434948962018,2026-08-03T08:08:21-04:00,,,,
,lady-sublime-facebook-page:external:107579258704403_660861336711709,lady-sublime-facebook-page,facebook,Facebook Page,Lady Sublime,107579258704403_660861336711709,2025-04-29T01:45:50+0000,2025-04-29,Facebook Page post,Dr. Sublime is ready to see you now. 😏,post,https://www.facebook.com/984245981039908/posts/660861336711709,https://scontent-lga3-1.xx.fbcdn.net/v/t51.75761-15/494053513_18061778438164966_4576902086793071055_n.jpg?stp=dst-jpg_p130x130_tt6&_nc_cat=103&ccb=1-7&_nc_sid=127cfc&_nc_ohc=o04-XVYXmkYQ7kNvwHZS4G9&_nc_oc=AdpctQ9_4yT0kkkn8ugLfkA99kvjGyRNjS3Fxq6XHOLLlrR9GYW6ASA6taevdOkwhY33wDLCfUxNgsVlfy6Fk096&_nc_zt=23&_nc_ht=scontent-lga3-1.xx&edm=AKIiGfEEAAAA&_nc_gid=z6bkEWB-SMTfLWuvh32xgg&_nc_tpa=Q5bMBQGFcLdBKrrJE0ha5B0Pl89GnLorL__09B2h1dnSwsCQC3sJLOMVkbHAflU5QDVEcn7kJVVAc2I-SA&oh=00_AQEF12xc1Go7C9J7x9jekXHCNX-gI-ES2xkfA1Terovm2w&oe=6A7640C1,https://scontent-lga3-1.xx.fbcdn.net/v/t51.75761-15/494053513_18061778438164966_4576902086793071055_n.jpg?stp=dst-jpg_p720x720_tt6&_nc_cat=103&ccb=1-7&_nc_sid=127cfc&_nc_ohc=o04-XVYXmkYQ7kNvwHZS4G9&_nc_oc=AdpctQ9_4yT0kkkn8ugLfkA99kvjGyRNjS3Fxq6XHOLLlrR9GYW6ASA6taevdOkwhY33wDLCfUxNgsVlfy6Fk096&_nc_zt=23&_nc_ht=scontent-lga3-1.xx&edm=AKIiGfEEAAAA&_nc_gid=z6bkEWB-SMTfLWuvh32xgg&_nc_tpa=Q5bMBQFaTwQF9nZ7TEAdW_0dRtQLydZk_0zKVNEYaQXJ9nu0EnYhXwO7Wj8BqO3lnpAjXGIfRVt4XOSZ7A&oh=00_AQGE4x81s6FDZitixvCF301iDT2uX09QR74k7zK4pCUdfg&oe=6A7640C1,,,,,,118,10,0,128,,,,meta_recent_content,https://graph.facebook.com/v25.0/107579258704403,2026-08-03T08:08:24-04:00,,,,
,girlfriend-instagram:external:18059299847172098,girlfriend-instagram,instagram,Instagram,officialladysublime,18059299847172098,2025-04-29T01:45:45+0000,2025-04-29,Instagram carousel_album,Dr. Sublime will see you now. 😏,carousel_album,https://www.instagram.com/p/DJAzU8jPLTg/,https://scontent-lga3-1.cdninstagram.com/v/t51.75761-15/494053513_18061778438164966_4576902086793071055_n.jpg?stp=dst-jpg_e35_tt6&_nc_cat=103&ccb=7-5&_nc_sid=18de74&efg=eyJlZmdfdGFnIjoiQ0FST1VTRUxfSVRFTS5iZXN0X2ltYWdlX3VybGdlbi5DMyJ9&_nc_ohc=o04-XVYXmkYQ7kNvwHZS4G9&_nc_oc=AdpctQ9_4yT0kkkn8ugLfkA99kvjGyRNjS3Fxq6XHOLLlrR9GYW6ASA6taevdOkwhY33wDLCfUxNgsVlfy6Fk096&_nc_zt=23&_nc_ht=scontent-lga3-1.cdninstagram.com&edm=AM6HXa8EAAAA&_nc_gid=2vveOjcnJEixJaWPO0tejA&oh=00_AQH8CLhwJvVTylkMmJDILFR3Sj8HRcNQRQHC8cAL-HTTzA&oe=6A7640C1,https://scontent-lga3-1.cdninstagram.com/v/t51.75761-15/494053513_18061778438164966_4576902086793071055_n.jpg?stp=dst-jpg_e35_tt6&_nc_cat=103&ccb=7-5&_nc_sid=18de74&efg=eyJlZmdfdGFnIjoiQ0FST1VTRUxfSVRFTS5iZXN0X2ltYWdlX3VybGdlbi5DMyJ9&_nc_ohc=o04-XVYXmkYQ7kNvwHZS4G9&_nc_oc=AdpctQ9_4yT0kkkn8ugLfkA99kvjGyRNjS3Fxq6XHOLLlrR9GYW6ASA6taevdOkwhY33wDLCfUxNgsVlfy6Fk096&_nc_zt=23&_nc_ht=scontent-lga3-1.cdninstagram.com&edm=AM6HXa8EAAAA&_nc_gid=2vveOjcnJEixJaWPO0tejA&oh=00_AQH8CLhwJvVTylkMmJDILFR3Sj8HRcNQRQHC8cAL-HTTzA&oe=6A7640C1,,,,,,4158,115,,4273,,,,meta_recent_content,https://graph.facebook.com/v25.0/17841434948962018,2026-08-03T08:08:21-04:00,,,,
,lady-sublime-facebook-page:external:107579258704403_652493124215197,lady-sublime-facebook-page,facebook,Facebook Page,Lady Sublime,107579258704403_652493124215197,2025-04-18T02:00:00+0000,2025-04-18,Facebook Page post,Do these shorts make my everything look big? 🤭,post,https://www.facebook.com/984245981039908/posts/652493124215197,https://scontent-lga3-3.xx.fbcdn.net/v/t51.75761-15/491440472_18060786050164966_1891786714272786514_n.jpg?stp=dst-jpg_p130x130_tt6&_nc_cat=102&ccb=1-7&_nc_sid=127cfc&_nc_ohc=7t06fBM1VN8Q7kNvwFlUSF4&_nc_oc=Adq9_SbyYUU37C4cYUJz3Um52ZkYpQM1PEaYHcPreuAOol6T7F5pY4ejAdQqbGyfLlDIPqp8ezlc1uNi8xcsTE0D&_nc_zt=23&_nc_ht=scontent-lga3-3.xx&edm=AKIiGfEEAAAA&_nc_gid=z6bkEWB-SMTfLWuvh32xgg&_nc_tpa=Q5bMBQFvplMJXGzbsTyvG6UAB_KyfAplnDN9ztmMuqpldNbSMs5S8ZZguerbqcT816hu8PhNz_HXPGrfoQ&oh=00_AQGePULLP_7Xw8jElVnZZXRyw2KYW0A3ydQXSKi8Hs66eg&oe=6A765911,https://scontent-lga3-3.xx.fbcdn.net/v/t51.75761-15/491440472_18060786050164966_1891786714272786514_n.jpg?stp=dst-jpg_p720x720_tt6&_nc_cat=102&ccb=1-7&_nc_sid=127cfc&_nc_ohc=7t06fBM1VN8Q7kNvwFlUSF4&_nc_oc=Adq9_SbyYUU37C4cYUJz3Um52ZkYpQM1PEaYHcPreuAOol6T7F5pY4ejAdQqbGyfLlDIPqp8ezlc1uNi8xcsTE0D&_nc_zt=23&_nc_ht=scontent-lga3-3.xx&edm=AKIiGfEEAAAA&_nc_gid=z6bkEWB-SMTfLWuvh32xgg&_nc_tpa=Q5bMBQHlP-p2NcGukITWJ9lJr1OC_utpZGwAWQqqg_u0APBjxdRtFDHlJeY7sOAs8lEpVrAlXQ3DK5TQMQ&oh=00_AQFAcoQyH0I9oe0Eopbz7A47fJUVK7vVaUnX29gL3B4ACg&oe=6A765911,,,,,,213,37,1,251,,,,meta_recent_content,https://graph.facebook.com/v25.0/107579258704403,2026-08-03T08:08:24-04:00,,,,
,girlfriend-instagram:external:18051439073252345,girlfriend-instagram,instagram,Instagram,officialladysublime,18051439073252345,2025-04-18T01:59:54+0000,2025-04-18,Instagram carousel_album,Do these shorts make my everything look big? 🤭,carousel_album,https://www.instagram.com/p/DIkgNApR52x/,https://scontent-lga3-3.cdninstagram.com/v/t51.75761-15/491440472_18060786050164966_1891786714272786514_n.jpg?stp=dst-jpg_e35_tt6&_nc_cat=102&ccb=7-5&_nc_sid=18de74&efg=eyJlZmdfdGFnIjoiQ0FST1VTRUxfSVRFTS5iZXN0X2ltYWdlX3VybGdlbi5DMyJ9&_nc_ohc=7t06fBM1VN8Q7kNvwFlUSF4&_nc_oc=Adq9_SbyYUU37C4cYUJz3Um52ZkYpQM1PEaYHcPreuAOol6T7F5pY4ejAdQqbGyfLlDIPqp8ezlc1uNi8xcsTE0D&_nc_zt=23&_nc_ht=scontent-lga3-3.cdninstagram.com&edm=AM6HXa8EAAAA&_nc_gid=2vveOjcnJEixJaWPO0tejA&oh=00_AQGIsKqVkXgRLOQEplWUF2_a2lsLGq__CmWTxoblfj7BrA&oe=6A765911,https://scontent-lga3-3.cdninstagram.com/v/t51.75761-15/491440472_18060786050164966_1891786714272786514_n.jpg?stp=dst-jpg_e35_tt6&_nc_cat=102&ccb=7-5&_nc_sid=18de74&efg=eyJlZmdfdGFnIjoiQ0FST1VTRUxfSVRFTS5iZXN0X2ltYWdlX3VybGdlbi5DMyJ9&_nc_ohc=7t06fBM1VN8Q7kNvwFlUSF4&_nc_oc=Adq9_SbyYUU37C4cYUJz3Um52ZkYpQM1PEaYHcPreuAOol6T7F5pY4ejAdQqbGyfLlDIPqp8ezlc1uNi8xcsTE0D&_nc_zt=23&_nc_ht=scontent-lga3-3.cdninstagram.com&edm=AM6HXa8EAAAA&_nc_gid=2vveOjcnJEixJaWPO0tejA&oh=00_AQGIsKqVkXgRLOQEplWUF2_a2lsLGq__CmWTxoblfj7BrA&oe=6A765911,,,,,,6895,214,,7109,,,,meta_recent_content,https://graph.facebook.com/v25.0/17841434948962018,2026-08-03T08:08:21-04:00,,,,
,girlfriend-instagram:external:17969435612732300,girlfriend-instagram,instagram,Instagram,officialladysublime,17969435612732300,2025-04-07T21:54:42+0000,2025-04-07,Instagram reel,How would you satisfy my sweet tooth? 🍪🍫🍩,reel,https://www.instagram.com/reel/DIKTt55hK92/,https://scontent-lga3-1.cdninstagram.com/v/t51.75761-15/488952708_18059894576164966_2146561181948041792_n.jpg?stp=dst-jpg_e35_tt6&_nc_cat=109&ccb=7-5&_nc_sid=18de74&efg=eyJlZmdfdGFnIjoiQ0xJUFMuYmVzdF9pbWFnZV91cmxnZW4uQzMifQ%3D%3D&_nc_ohc=d42f03OR4ckQ7kNvwHLU56t&_nc_oc=AdoM1450fHwNlalVumWWwNrkDCoQrwgvMUj-iEzrYlAsuDZjPbvOECmcZBFDrUJck3NBfledAWGa7zM2J0xNj1_e&_nc_zt=23&_nc_ht=scontent-lga3-1.cdninstagram.com&edm=AM6HXa8EAAAA&_nc_gid=2vveOjcnJEixJaWPO0tejA&_nc_tpa=Q5bMBQEvFj8NC7HmQES-HmaN9qDLbXNcum6fhv_rNVlpcaOqfIk7HXgYOjm7_P7nc2lGuJqh31Exip8rjQ&oh=00_AQFNTukKd0YJtzlBqMu7fyGlVOYwADOkA_pwh1tqwREgDw&oe=6A765C2F,https://scontent-lga3-1.cdninstagram.com/o1/v/t2/f2/m367/AQNqFBZgzFoqZimgMir45kl9yWvdSDE_lYFbFrCGz0-14YIJjmhyUxdGlKa5vYlKn9X9qynjO0qqN5-UsR0uonknJ_HfNuT1q08xqFo.mp4?_nc_cat=103&_nc_sid=5e9851&_nc_ht=scontent-lga3-1.cdninstagram.com&_nc_ohc=7nqyzxY0q90Q7kNvwGtj4Op&efg=eyJ2ZW5jb2RlX3RhZyI6Inhwdl9wcm9ncmVzc2l2ZS5JTlNUQUdSQU0uQ0xJUFMuQzMuNzIwLmRhc2hfYmFzZWxpbmVfMV92MSIsInhwdl9hc3NldF9pZCI6MTczODU1Nzk3NjcyMzcwNCwiYXNzZXRfYWdlX2RheXMiOjQ4MiwidmlfdXNlY2FzZV9pZCI6MTAwOTksImR1cmF0aW9uX3MiOjI2LCJ1cmxnZW5fc291cmNlIjoid3d3In0%3D&ccb=17-1&vs=f0e333b6eecdf384&_nc_vs=HBksFQIYQGlnX2VwaGVtZXJhbC8wNjRBODBERTk5REVCNzBGREEzMzQ3QTU4RTAzNEVCOF92aWRlb19kYXNoaW5pdC5tcDQVAALIARIAFQIYR2lnX3hwdl9yZWVsc19wZXJtYW5lbnRfc3JfcHJvZC8xMzU0MjA5NTA5MjMyMDIyXzY1MDIwODgyOTQ0NTc3ODE5OTYubXA0FQICyAESACgAGAAbAogHdXNlX29pbAExEnByb2dyZXNzaXZlX3JlY2lwZQExFQAAJvCD_qmyzZYGFQIoAkMzLBdAOkQYk3S8ahgSZGFzaF9iYXNlbGluZV8xX3YxEQB1_gdl5p0BAA&_nc_gid=2vveOjcnJEixJaWPO0tejA&edm=AM6HXa8EAAAA&_nc_zt=28&oh=00_AQFjD6ZeXwRd3AkEGh2xepX1AY4Hr09KxTjjnUW1fT8zwg&oe=6A7661E0,,,,,,16075,623,,16698,,,,meta_recent_content,https://graph.facebook.com/v25.0/17841434948962018,2026-08-03T08:08:21-04:00,,,,
,lady-sublime-facebook-page:external:107579258704403_634848505979659,lady-sublime-facebook-page,facebook,Facebook Page,Lady Sublime,107579258704403_634848505979659,2025-03-26T23:40:04+0000,2025-03-26,Facebook Page post,Where we gonna cuddle? 💜,post,https://www.facebook.com/984245981039908/posts/634848505979659,https://scontent-lga3-2.xx.fbcdn.net/v/t51.75761-15/487214595_18058802999164966_6406671701791006984_n.jpg?stp=dst-jpg_p130x130_tt6&_nc_cat=105&ccb=1-7&_nc_sid=127cfc&_nc_ohc=2fz0yBr5XzgQ7kNvwFVoAob&_nc_oc=AdpZH78C31VmCs7YJU9AUp68N-m98pk8uEwV8ZDAZhMcPBzXfee868zN_oEDzupB6fh0FdODnJVEEw5OpoJGewqi&_nc_zt=23&_nc_ht=scontent-lga3-2.xx&edm=AKIiGfEEAAAA&_nc_gid=z6bkEWB-SMTfLWuvh32xgg&_nc_tpa=Q5bMBQE2RkAKbnBYZLjedwb9qkL4b9BHTYLgDaZ1sP-II8svRTmzihWVyqr7M7nD-TS6elNf9OSohVbqLQ&oh=00_AQEi3-Xk6-3utiYvRRkodRUp2YXuJ1O5Tzce8TTffaTsbQ&oe=6A7650BB,https://scontent-lga3-2.xx.fbcdn.net/v/t51.75761-15/487214595_18058802999164966_6406671701791006984_n.jpg?stp=dst-jpg_p720x720_tt6&_nc_cat=105&ccb=1-7&_nc_sid=127cfc&_nc_ohc=2fz0yBr5XzgQ7kNvwFVoAob&_nc_oc=AdpZH78C31VmCs7YJU9AUp68N-m98pk8uEwV8ZDAZhMcPBzXfee868zN_oEDzupB6fh0FdODnJVEEw5OpoJGewqi&_nc_zt=23&_nc_ht=scontent-lga3-2.xx&edm=AKIiGfEEAAAA&_nc_gid=z6bkEWB-SMTfLWuvh32xgg&_nc_tpa=Q5bMBQFNn5Wa3WC3PeT90Q928xBVerijweCJ_a1M_kalE00VM2dg39dFxgxuYcrWjiub_E_ORZzJhlcm7A&oh=00_AQF6_SaRn4s3jlS1MAOMdAgSohn96w1ondWDq-3oc9Wg9w&oe=6A7650BB,,,,,,257,38,5,300,,,,meta_recent_content,https://graph.facebook.com/v25.0/107579258704403,2026-08-03T08:08:24-04:00,,,,
,girlfriend-instagram:external:18041644856595132,girlfriend-instagram,instagram,Instagram,officialladysublime,18041644856595132,2025-03-26T23:40:00+0000,2025-03-26,Instagram image,Where we gonna cuddle? 💜,image,https://www.instagram.com/p/DHrmtF5yn4j/,https://scontent-lga3-2.cdninstagram.com/v/t51.75761-15/487214595_18058802999164966_6406671701791006984_n.jpg?stp=dst-jpg_e35_tt6&_nc_cat=105&ccb=7-5&_nc_sid=18de74&efg=eyJlZmdfdGFnIjoiRkVFRC5iZXN0X2ltYWdlX3VybGdlbi5DMyJ9&_nc_ohc=2fz0yBr5XzgQ7kNvwFVoAob&_nc_oc=AdpZH78C31VmCs7YJU9AUp68N-m98pk8uEwV8ZDAZhMcPBzXfee868zN_oEDzupB6fh0FdODnJVEEw5OpoJGewqi&_nc_zt=23&_nc_ht=scontent-lga3-2.cdninstagram.com&edm=AM6HXa8EAAAA&_nc_gid=2vveOjcnJEixJaWPO0tejA&oh=00_AQGtPgpy8a61opIPyVW-aAmP_oZcAkkL6uvMbrFoDvsYyQ&oe=6A7650BB,https://scontent-lga3-2.cdninstagram.com/v/t51.75761-15/487214595_18058802999164966_6406671701791006984_n.jpg?stp=dst-jpg_e35_tt6&_nc_cat=105&ccb=7-5&_nc_sid=18de74&efg=eyJlZmdfdGFnIjoiRkVFRC5iZXN0X2ltYWdlX3VybGdlbi5DMyJ9&_nc_ohc=2fz0yBr5XzgQ7kNvwFVoAob&_nc_oc=AdpZH78C31VmCs7YJU9AUp68N-m98pk8uEwV8ZDAZhMcPBzXfee868zN_oEDzupB6fh0FdODnJVEEw5OpoJGewqi&_nc_zt=23&_nc_ht=scontent-lga3-2.cdninstagram.com&edm=AM6HXa8EAAAA&_nc_gid=2vveOjcnJEixJaWPO0tejA&oh=00_AQGtPgpy8a61opIPyVW-aAmP_oZcAkkL6uvMbrFoDvsYyQ&oe=6A7650BB,,,,,,5790,144,,5934,,,,meta_recent_content,https://graph.facebook.com/v25.0/17841434948962018,2026-08-03T08:08:21-04:00,,,,
,lady-sublime-facebook-page:external:107579258704403_622718760525967,lady-sublime-facebook-page,facebook,Facebook Page,Lady Sublime,107579258704403_622718760525967,2025-03-11T18:48:25+0000,2025-03-11,Facebook Page post,Be my gym buddy? 😘,post,https://www.facebook.com/984245981039908/posts/622718760525967,https://scontent-lga3-3.xx.fbcdn.net/v/t51.75761-15/483541168_18057392747164966_8748066982280897380_n.jpg?stp=dst-jpg_s130x130_tt6&_nc_cat=106&ccb=1-7&_nc_sid=127cfc&_nc_ohc=0w4gN50iXxwQ7kNvwFDx7q0&_nc_oc=AdqTg--RoGOvv67uEyrgAgcRD14VbaaKAb7qcYPfYEV0SzOrctXi5hk_6g2USxWLyn2WxOGnpuwdtErA58F0rI5t&_nc_zt=23&_nc_ht=scontent-lga3-3.xx&edm=AKIiGfEEAAAA&_nc_gid=z6bkEWB-SMTfLWuvh32xgg&_nc_tpa=Q5bMBQHggk9UwfJU3mlFN2AmtW7awhtsHTB0eMhr_jXqyNRCtvFs9inQ-OyhuSqNfPLAbFx8tENGoHttvw&oh=00_AQHT-cd3FZ3xadSpTWbVvWnE95Qp69vQH6MEiFt1TnxFJA&oe=6A764AD6,https://scontent-lga3-3.xx.fbcdn.net/v/t51.75761-15/483541168_18057392747164966_8748066982280897380_n.jpg?stp=dst-jpg_s720x720_tt6&_nc_cat=106&ccb=1-7&_nc_sid=127cfc&_nc_ohc=0w4gN50iXxwQ7kNvwFDx7q0&_nc_oc=AdqTg--RoGOvv67uEyrgAgcRD14VbaaKAb7qcYPfYEV0SzOrctXi5hk_6g2USxWLyn2WxOGnpuwdtErA58F0rI5t&_nc_zt=23&_nc_ht=scontent-lga3-3.xx&edm=AKIiGfEEAAAA&_nc_gid=z6bkEWB-SMTfLWuvh32xgg&_nc_tpa=Q5bMBQE77F3N9ww4domngkG0nrj9IgGEoTAgPALrZj4JtlYw7ll2E1ic12Fu5_omqY3Odut5Aoitqleorg&oh=00_AQHn1_ampSqdptlfY3sspkMV1X1_49PtBTJzXmYgMqFPyQ&oe=6A764AD6,,,,,,252,34,6,292,,,,meta_recent_content,https://graph.facebook.com/v25.0/107579258704403,2026-08-03T08:08:24-04:00,,,,
,girlfriend-instagram:external:17843696430441767,girlfriend-instagram,instagram,Instagram,officialladysublime,17843696430441767,2025-03-11T18:48:21+0000,2025-03-11,Instagram carousel_album,Be my gym buddy? 😘,carousel_album,https://www.instagram.com/p/DHEdZ3uS4nc/,https://scontent-lga3-3.cdninstagram.com/v/t51.75761-15/483541168_18057392747164966_8748066982280897380_n.jpg?stp=dst-jpg_e35_tt6&_nc_cat=106&ccb=7-5&_nc_sid=18de74&efg=eyJlZmdfdGFnIjoiQ0FST1VTRUxfSVRFTS5iZXN0X2ltYWdlX3VybGdlbi5DMyJ9&_nc_ohc=0w4gN50iXxwQ7kNvwFDx7q0&_nc_oc=AdqTg--RoGOvv67uEyrgAgcRD14VbaaKAb7qcYPfYEV0SzOrctXi5hk_6g2USxWLyn2WxOGnpuwdtErA58F0rI5t&_nc_zt=23&_nc_ht=scontent-lga3-3.cdninstagram.com&edm=AM6HXa8EAAAA&_nc_gid=2vveOjcnJEixJaWPO0tejA&oh=00_AQEN1Y5evcKjgbRnGSxFkcuQN-1s97rZT_TQCi25JxljgQ&oe=6A764AD6,https://scontent-lga3-3.cdninstagram.com/v/t51.75761-15/483541168_18057392747164966_8748066982280897380_n.jpg?stp=dst-jpg_e35_tt6&_nc_cat=106&ccb=7-5&_nc_sid=18de74&efg=eyJlZmdfdGFnIjoiQ0FST1VTRUxfSVRFTS5iZXN0X2ltYWdlX3VybGdlbi5DMyJ9&_nc_ohc=0w4gN50iXxwQ7kNvwFDx7q0&_nc_oc=AdqTg--RoGOvv67uEyrgAgcRD14VbaaKAb7qcYPfYEV0SzOrctXi5hk_6g2USxWLyn2WxOGnpuwdtErA58F0rI5t&_nc_zt=23&_nc_ht=scontent-lga3-3.cdninstagram.com&edm=AM6HXa8EAAAA&_nc_gid=2vveOjcnJEixJaWPO0tejA&oh=00_AQEN1Y5evcKjgbRnGSxFkcuQN-1s97rZT_TQCi25JxljgQ&oe=6A764AD6,,,,,,6738,211,,6949,,,,meta_recent_content,https://graph.facebook.com/v25.0/17841434948962018,2026-08-03T08:08:21-04:00,,,,
,lady-sublime-facebook-page:external:107579258704403_614825214648655,lady-sublime-facebook-page,facebook,Facebook Page,Lady Sublime,107579258704403_614825214648655,2025-03-01T05:54:12+0000,2025-03-01,Facebook Page post,Where are you squeezing first? 😍,post,https://www.facebook.com/984245981039908/posts/614825214648655,https://scontent-lga3-3.xx.fbcdn.net/v/t51.75761-15/482145695_18056302139164966_1855351836441869056_n.jpg?stp=dst-jpg_p130x130_tt6&_nc_cat=108&ccb=1-7&_nc_sid=127cfc&_nc_ohc=ZIy1wGP7R7MQ7kNvwHVQTM-&_nc_oc=AdrG2dfms-tEmLMxz1wVA89gHpI_LzLht4QKMMW4Dh6Eh97O9oPpwOzEmzRLeP31YXCTC8jRzVYkXaM7Knmduxkq&_nc_zt=23&_nc_ht=scontent-lga3-3.xx&edm=AKIiGfEEAAAA&_nc_gid=z6bkEWB-SMTfLWuvh32xgg&_nc_tpa=Q5bMBQEBSrYhnY9-1W6Hc8-K4N69xj4EGujQZ7A8c0FjDTreI6CelT8up81SoQ0yxAH2vQonBwdQ9nxWUA&oh=00_AQFcOffNbOtbqsUEkLJ8PxzUWGsYmsDwhOCyCxay33ju4Q&oe=6A7655C1,https://scontent-lga3-3.xx.fbcdn.net/v/t51.75761-15/482145695_18056302139164966_1855351836441869056_n.jpg?stp=dst-jpg_p720x720_tt6&_nc_cat=108&ccb=1-7&_nc_sid=127cfc&_nc_ohc=ZIy1wGP7R7MQ7kNvwHVQTM-&_nc_oc=AdrG2dfms-tEmLMxz1wVA89gHpI_LzLht4QKMMW4Dh6Eh97O9oPpwOzEmzRLeP31YXCTC8jRzVYkXaM7Knmduxkq&_nc_zt=23&_nc_ht=scontent-lga3-3.xx&edm=AKIiGfEEAAAA&_nc_gid=z6bkEWB-SMTfLWuvh32xgg&_nc_tpa=Q5bMBQH31MKRAj7RvYUlOE-IcYdLxOLnIlbJdWg2SiSzmXKyHHQTuHQKrl7cp_veL1DVhlCmRYuxfgNyEw&oh=00_AQFRUF1N6ZPZDj0n4qDNmife2ilMJFJZ93qEdpJyQl4Jlg&oe=6A7655C1,,,,,,208,29,2,239,,,,meta_recent_content,https://graph.facebook.com/v25.0/107579258704403,2026-08-03T08:08:24-04:00,,,,
,girlfriend-instagram:external:17879121093164609,girlfriend-instagram,instagram,Instagram,officialladysublime,17879121093164609,2025-03-01T05:54:07+0000,2025-03-01,Instagram carousel_album,Where are you squeezing first? 😍,carousel_album,https://www.instagram.com/p/DGpU2cuR32c/,https://scontent-lga3-3.cdninstagram.com/v/t51.75761-15/482145695_18056302139164966_1855351836441869056_n.jpg?stp=dst-jpg_e35_tt6&_nc_cat=108&ccb=7-5&_nc_sid=18de74&efg=eyJlZmdfdGFnIjoiQ0FST1VTRUxfSVRFTS5iZXN0X2ltYWdlX3VybGdlbi5DMyJ9&_nc_ohc=ZIy1wGP7R7MQ7kNvwHVQTM-&_nc_oc=AdrG2dfms-tEmLMxz1wVA89gHpI_LzLht4QKMMW4Dh6Eh97O9oPpwOzEmzRLeP31YXCTC8jRzVYkXaM7Knmduxkq&_nc_zt=23&_nc_ht=scontent-lga3-3.cdninstagram.com&edm=AM6HXa8EAAAA&_nc_gid=2vveOjcnJEixJaWPO0tejA&oh=00_AQEK3r_4DhZJ2Q7bqsleYXyEd72-JXmnxYAUBavSvVPxbA&oe=6A7655C1,https://scontent-lga3-3.cdninstagram.com/v/t51.75761-15/482145695_18056302139164966_1855351836441869056_n.jpg?stp=dst-jpg_e35_tt6&_nc_cat=108&ccb=7-5&_nc_sid=18de74&efg=eyJlZmdfdGFnIjoiQ0FST1VTRUxfSVRFTS5iZXN0X2ltYWdlX3VybGdlbi5DMyJ9&_nc_ohc=ZIy1wGP7R7MQ7kNvwHVQTM-&_nc_oc=AdrG2dfms-tEmLMxz1wVA89gHpI_LzLht4QKMMW4Dh6Eh97O9oPpwOzEmzRLeP31YXCTC8jRzVYkXaM7Knmduxkq&_nc_zt=23&_nc_ht=scontent-lga3-3.cdninstagram.com&edm=AM6HXa8EAAAA&_nc_gid=2vveOjcnJEixJaWPO0tejA&oh=00_AQEK3r_4DhZJ2Q7bqsleYXyEd72-JXmnxYAUBavSvVPxbA&oe=6A7655C1,,,,,,8882,262,,9144,,,,meta_recent_content,https://graph.facebook.com/v25.0/17841434948962018,2026-08-03T08:08:21-04:00,,,,
,lady-sublime-facebook-page:external:107579258704403_551980630933114,lady-sublime-facebook-page,facebook,Facebook Page,Lady Sublime,107579258704403_551980630933114,2024-11-30T09:13:26+0000,2024-11-30,Facebook Page post,✨BLACK FRIDAY SALES✨ You know where to look. 😘,post,https://www.facebook.com/984245981039908/posts/551980630933114,https://scontent-lga3-3.xx.fbcdn.net/v/t39.30808-6/487087509_636848209113022_5212252422129365734_n.jpg?stp=dst-jpg_p130x130_tt6&_nc_cat=104&ccb=1-7&_nc_sid=127cfc&_nc_ohc=nJN0MLRMIuAQ7kNvwHXnJQ8&_nc_oc=Adqhvf4rYPdDrIgIOyHTy2JO4YE42cWl0HzZWoXcv4RR8GOmR5Wkp-5E48wShw9TlnjzZcWOhxCvPcrBkLPEJW-F&_nc_zt=23&_nc_ht=scontent-lga3-3.xx&edm=AKIiGfEEAAAA&_nc_gid=z6bkEWB-SMTfLWuvh32xgg&_nc_tpa=Q5bMBQHtzwT_BCu4SDhpqbZjWiH-PVX4JkrPa7vJ9gL0yRjb5sYTlxlp9AHexGhRofz61run-EY-tB6cEA&oh=00_AQHuPqeQtgm0SY8Q6Vf5UM6BCviZGlLcEpZXk-Wv8qo0hA&oe=6A763EA0,https://scontent-lga3-3.xx.fbcdn.net/v/t39.30808-6/487087509_636848209113022_5212252422129365734_n.jpg?stp=dst-jpg_p720x720_tt6&_nc_cat=104&ccb=1-7&_nc_sid=127cfc&_nc_ohc=nJN0MLRMIuAQ7kNvwHXnJQ8&_nc_oc=Adqhvf4rYPdDrIgIOyHTy2JO4YE42cWl0HzZWoXcv4RR8GOmR5Wkp-5E48wShw9TlnjzZcWOhxCvPcrBkLPEJW-F&_nc_zt=23&_nc_ht=scontent-lga3-3.xx&edm=AKIiGfEEAAAA&_nc_gid=z6bkEWB-SMTfLWuvh32xgg&_nc_tpa=Q5bMBQHfpuhTGmswMyohpPhAeaHRLFIeccPkV89fzGTXlBt0u2sWs8rYBh3uqa3ouhABIVozGlFDDg9Lig&oh=00_AQG2QU8cH-yzKxVXsiloNorEKuUryqJITf5MXBwiELXk_Q&oe=6A763EA0,,,,,,132,13,1,146,,,,meta_recent_content,https://graph.facebook.com/v25.0/107579258704403,2026-08-03T08:08:24-04:00,,,,
,girlfriend-instagram:external:18310303438162991,girlfriend-instagram,instagram,Instagram,officialladysublime,18310303438162991,2024-11-30T03:54:09+0000,2024-11-30,Instagram carousel_album,✨BLACK FRIDAY SALES✨ You know where to look. 😘,carousel_album,https://www.instagram.com/p/DC-yyMRxMpG/,https://scontent-lga3-3.cdninstagram.com/v/t51.82787-15/655690075_18068390954643983_3524961176809946657_n.jpg?stp=dst-jpg_e35_tt6&_nc_cat=104&ccb=7-5&_nc_sid=18de74&efg=eyJlZmdfdGFnIjoiQ0FST1VTRUxfSVRFTS5iZXN0X2ltYWdlX3VybGdlbi5DMyJ9&_nc_ohc=j5pHA7UrAagQ7kNvwGlSzIy&_nc_oc=AdqVjLjjyK-VDWSCxg5LRs4fyocgLq5zvypmx-LT3jj1c2FBh-iitqqQ-D457FM2EnPhU2YQMDII7eX61Mwbqym9&_nc_zt=23&_nc_ht=scontent-lga3-3.cdninstagram.com&edm=AM6HXa8EAAAA&_nc_gid=2vveOjcnJEixJaWPO0tejA&oh=00_AQEoHi_16vgtSUdHwEJjTYuDwEmGjJy2QoLDFG13yjpN6Q&oe=6A76480E,https://scontent-lga3-3.cdninstagram.com/v/t51.82787-15/655690075_18068390954643983_3524961176809946657_n.jpg?stp=dst-jpg_e35_tt6&_nc_cat=104&ccb=7-5&_nc_sid=18de74&efg=eyJlZmdfdGFnIjoiQ0FST1VTRUxfSVRFTS5iZXN0X2ltYWdlX3VybGdlbi5DMyJ9&_nc_ohc=j5pHA7UrAagQ7kNvwGlSzIy&_nc_oc=AdqVjLjjyK-VDWSCxg5LRs4fyocgLq5zvypmx-LT3jj1c2FBh-iitqqQ-D457FM2EnPhU2YQMDII7eX61Mwbqym9&_nc_zt=23&_nc_ht=scontent-lga3-3.cdninstagram.com&edm=AM6HXa8EAAAA&_nc_gid=2vveOjcnJEixJaWPO0tejA&oh=00_AQEoHi_16vgtSUdHwEJjTYuDwEmGjJy2QoLDFG13yjpN6Q&oe=6A76480E,,,,,,5409,200,,5609,,,,meta_recent_content,https://graph.facebook.com/v25.0/17841434948962018,2026-08-03T08:08:21-04:00,,,,
,lady-sublime-facebook-page:external:107579258704403_462221069909071,lady-sublime-facebook-page,facebook,Facebook Page,Lady Sublime,107579258704403_462221069909071,2024-07-21T00:05:04+0000,2024-07-21,Facebook Page post,Your boss has BIG expectations. Think you can measure up? 😏,post,https://www.facebook.com/984245981039908/posts/462221069909071,https://scontent-lga3-3.xx.fbcdn.net/v/t39.30808-6/486792198_636075835856926_5118576353310523577_n.jpg?stp=dst-jpg_s130x130_tt6&_nc_cat=102&ccb=1-7&_nc_sid=127cfc&_nc_ohc=AATJsguiwGIQ7kNvwHcX268&_nc_oc=AdrDAeE4ZNVe5hPs2xPNIXlE7_OnVLaNP5VXdE7Q8qLxrlaZAp9N4EK7OViIS8zebcj-9wQJ6i2_HZr9ISrJQHtu&_nc_zt=23&_nc_ht=scontent-lga3-3.xx&edm=AKIiGfEEAAAA&_nc_gid=z6bkEWB-SMTfLWuvh32xgg&_nc_tpa=Q5bMBQHWLOwSDZfzMmuB4OlR2fnpXsVh3HywY0DG9EUAbYnxIBtW8twLnVlGjLIyR-Ii8V-oFpz2JDLomQ&oh=00_AQFu6YjHCdsqtYvVGO59ksgFToTyJuGIYTfuYRc3y8qQmA&oe=6A763D0F,https://scontent-lga3-3.xx.fbcdn.net/v/t39.30808-6/486792198_636075835856926_5118576353310523577_n.jpg?stp=dst-jpg_s720x720_tt6&_nc_cat=102&ccb=1-7&_nc_sid=127cfc&_nc_ohc=AATJsguiwGIQ7kNvwHcX268&_nc_oc=AdrDAeE4ZNVe5hPs2xPNIXlE7_OnVLaNP5VXdE7Q8qLxrlaZAp9N4EK7OViIS8zebcj-9wQJ6i2_HZr9ISrJQHtu&_nc_zt=23&_nc_ht=scontent-lga3-3.xx&edm=AKIiGfEEAAAA&_nc_gid=z6bkEWB-SMTfLWuvh32xgg&_nc_tpa=Q5bMBQH8cx0vEPHBrDeu6F5CEdAcycegQSW3jpzbxJkbUDQ57rN_hvuQMiyBYb3ASWnBGfoMtpz62p8oXA&oh=00_AQFFqbTHoWNny_Sl38EKE5KC8ocO375ZlPmw4qd2dB6_bA&oe=6A763D0F,,,,,,212,16,0,228,,,,meta_recent_content,https://graph.facebook.com/v25.0/107579258704403,2026-08-03T08:08:24-04:00,,,,
,girlfriend-instagram:external:18004840757358169,girlfriend-instagram,instagram,Instagram,officialladysublime,18004840757358169,2024-07-21T00:04:59+0000,2024-07-21,Instagram carousel_album,Your boss has BIG expectations. Think you can measure up? 😏,carousel_album,https://www.instagram.com/p/C9qfoJUS7Kk/,https://scontent-lga3-2.cdninstagram.com/v/t51.82787-15/654017328_17991194198940046_119199521746957945_n.jpg?stp=dst-jpg_e35_tt6&_nc_cat=101&ccb=7-5&_nc_sid=18de74&efg=eyJlZmdfdGFnIjoiQ0FST1VTRUxfSVRFTS5iZXN0X2ltYWdlX3VybGdlbi5DMyJ9&_nc_ohc=rQPDmgu2prEQ7kNvwEqI4Jd&_nc_oc=AdooQbt03MRlk7oE-OtmW0eNS-aOJ409MrLKPp2lN0wve8z2JQiWvojKAEwDL51VpXrboa24We389GKTeo4d-gHy&_nc_zt=23&_nc_ht=scontent-lga3-2.cdninstagram.com&edm=AM6HXa8EAAAA&_nc_gid=2vveOjcnJEixJaWPO0tejA&oh=00_AQGwsK27TYxN5ptwHi8gOipXP9SuIqzZ1dz2l3Ka1RuW2g&oe=6A7654A2,https://scontent-lga3-2.cdninstagram.com/v/t51.82787-15/654017328_17991194198940046_119199521746957945_n.jpg?stp=dst-jpg_e35_tt6&_nc_cat=101&ccb=7-5&_nc_sid=18de74&efg=eyJlZmdfdGFnIjoiQ0FST1VTRUxfSVRFTS5iZXN0X2ltYWdlX3VybGdlbi5DMyJ9&_nc_ohc=rQPDmgu2prEQ7kNvwEqI4Jd&_nc_oc=AdooQbt03MRlk7oE-OtmW0eNS-aOJ409MrLKPp2lN0wve8z2JQiWvojKAEwDL51VpXrboa24We389GKTeo4d-gHy&_nc_zt=23&_nc_ht=scontent-lga3-2.cdninstagram.com&edm=AM6HXa8EAAAA&_nc_gid=2vveOjcnJEixJaWPO0tejA&oh=00_AQGwsK27TYxN5ptwHi8gOipXP9SuIqzZ1dz2l3Ka1RuW2g&oe=6A7654A2,,,,,,10931,355,,11286,,,,meta_recent_content,https://graph.facebook.com/v25.0/17841434948962018,2026-08-03T08:08:21-04:00,,,,
,lady-sublime-facebook-page:external:107579258704403_456898403774671,lady-sublime-facebook-page,facebook,Facebook Page,Lady Sublime,107579258704403_456898403774671,2024-07-11T20:39:21+0000,2024-07-11,Facebook Page post,,post,https://www.facebook.com/984245981039908/posts/456898403774671,https://scontent-lga3-2.xx.fbcdn.net/v/t39.30808-6/487239428_636032285861281_5017250141359124429_n.jpg?stp=dst-jpg_s130x130_tt6&_nc_cat=100&ccb=1-7&_nc_sid=127cfc&_nc_ohc=7ezByHVWZmwQ7kNvwH_80UA&_nc_oc=AdrXQQJ1ttsOMatCIoewCNRCRuZh1F88oMwsj2VCbXJ-v7Zv4bfwoVR6EAsd-o1ViGJWtSh7Pr-53mSPZyVwUyAX&_nc_zt=23&_nc_ht=scontent-lga3-2.xx&edm=AKIiGfEEAAAA&_nc_gid=z6bkEWB-SMTfLWuvh32xgg&_nc_tpa=Q5bMBQHQbq8lLIQsfvDayT3t6wv-nSIC-wxgaHve-9tPYV7rrNtWwlXl62m_ZFHHMn2T7-OrEu2BlCHOlg&oh=00_AQGOefVWr28kW8Ae13fsjJysSxFKCso8hxu5MRUtTNqKRw&oe=6A763F43,https://scontent-lga3-2.xx.fbcdn.net/v/t39.30808-6/487239428_636032285861281_5017250141359124429_n.jpg?stp=dst-jpg_s720x720_tt6&_nc_cat=100&ccb=1-7&_nc_sid=127cfc&_nc_ohc=7ezByHVWZmwQ7kNvwH_80UA&_nc_oc=AdrXQQJ1ttsOMatCIoewCNRCRuZh1F88oMwsj2VCbXJ-v7Zv4bfwoVR6EAsd-o1ViGJWtSh7Pr-53mSPZyVwUyAX&_nc_zt=23&_nc_ht=scontent-lga3-2.xx&edm=AKIiGfEEAAAA&_nc_gid=z6bkEWB-SMTfLWuvh32xgg&_nc_tpa=Q5bMBQF2uTPXIManMCgVjfXjK8AHwBn0uwiKjhGB3JfqTuE6X8PcYxL45GE1hZrmHDnDQaH19QjZX-SRdQ&oh=00_AQHyzlEuHLK43GOgfURPJlQbZubyKXW6tlN8DET8W7BTwg&oe=6A763F43,,,,,,196,14,2,212,,,,meta_recent_content,https://graph.facebook.com/v25.0/107579258704403,2026-08-03T08:08:24-04:00,,,,
,girlfriend-instagram:external:18007853882325234,girlfriend-instagram,instagram,Instagram,officialladysublime,18007853882325234,2024-07-11T20:39:17+0000,2024-07-11,Instagram carousel_album,Wanna play mermaids? 🧜‍♀️,carousel_album,https://www.instagram.com/p/C9S87qjyyP8/,https://scontent-lga3-2.cdninstagram.com/v/t51.82787-15/670279639_18573923836026609_5533140466136639138_n.jpg?stp=dst-jpg_e35_tt6&_nc_cat=105&ccb=7-5&_nc_sid=18de74&efg=eyJlZmdfdGFnIjoiQ0FST1VTRUxfSVRFTS5iZXN0X2ltYWdlX3VybGdlbi5DMyJ9&_nc_ohc=9wYLm-kBC1gQ7kNvwGtS-rG&_nc_oc=AdpqzmX5anWmZkb9MZMuEzpGmdb_yMyQ9fqTanKd-BlUE8raTjPToHsfmoWeEPiaUcJThn5wIxNdld7f3xU3B01n&_nc_zt=23&_nc_ht=scontent-lga3-2.cdninstagram.com&edm=AM6HXa8EAAAA&_nc_gid=2vveOjcnJEixJaWPO0tejA&oh=00_AQFCLOOWZ3ir9Jb7LDtQl3yrtH6eXE6ijd4a11Z4YSxTrw&oe=6A76461B,https://scontent-lga3-2.cdninstagram.com/v/t51.82787-15/670279639_18573923836026609_5533140466136639138_n.jpg?stp=dst-jpg_e35_tt6&_nc_cat=105&ccb=7-5&_nc_sid=18de74&efg=eyJlZmdfdGFnIjoiQ0FST1VTRUxfSVRFTS5iZXN0X2ltYWdlX3VybGdlbi5DMyJ9&_nc_ohc=9wYLm-kBC1gQ7kNvwGtS-rG&_nc_oc=AdpqzmX5anWmZkb9MZMuEzpGmdb_yMyQ9fqTanKd-BlUE8raTjPToHsfmoWeEPiaUcJThn5wIxNdld7f3xU3B01n&_nc_zt=23&_nc_ht=scontent-lga3-2.cdninstagram.com&edm=AM6HXa8EAAAA&_nc_gid=2vveOjcnJEixJaWPO0tejA&oh=00_AQFCLOOWZ3ir9Jb7LDtQl3yrtH6eXE6ijd4a11Z4YSxTrw&oe=6A76461B,,,,,,4908,167,,5075,,,,meta_recent_content,https://graph.facebook.com/v25.0/17841434948962018,2026-08-03T08:08:21-04:00,,,,
,lady-sublime-facebook-page:external:107579258704403_452112274253284,lady-sublime-facebook-page,facebook,Facebook Page,Lady Sublime,107579258704403_452112274253284,2024-07-03T18:41:04+0000,2024-07-03,Facebook Page post,Enjoy the view with me? ☺️,post,https://www.facebook.com/984245981039908/posts/452112274253284,https://scontent-lga3-3.xx.fbcdn.net/v/t39.30808-6/468399718_18046638278164966_8783035936938858555_n.jpg?stp=dst-jpg_s130x130_tt6&_nc_cat=108&ccb=1-7&_nc_sid=127cfc&_nc_ohc=tbRxJQb3t_YQ7kNvwHvl7oc&_nc_oc=AdrUypXget2nSpQIzlKx1k-DJoXlMG4zuIGO12AeZczYf6rpn0w8yIkOSosdheYRhuEPq--ZX6kUkRigt5iN0NxC&_nc_zt=23&_nc_ht=scontent-lga3-3.xx&edm=AKIiGfEEAAAA&_nc_gid=z6bkEWB-SMTfLWuvh32xgg&_nc_tpa=Q5bMBQEyobyaPx9UxJP9nR_CqnS20KduAHK9aXNY-mIKgdO6fmVQyhnZfbWc3GjufkeCfJdd4B7kOj6lWw&oh=00_AQFECHFmScMR2MVjhZkuY_duZe43N8VPoOiToW4Da0ywBQ&oe=6A7672D7,https://scontent-lga3-3.xx.fbcdn.net/v/t39.30808-6/468399718_18046638278164966_8783035936938858555_n.jpg?stp=dst-jpg_s720x720_tt6&_nc_cat=108&ccb=1-7&_nc_sid=127cfc&_nc_ohc=tbRxJQb3t_YQ7kNvwHvl7oc&_nc_oc=AdrUypXget2nSpQIzlKx1k-DJoXlMG4zuIGO12AeZczYf6rpn0w8yIkOSosdheYRhuEPq--ZX6kUkRigt5iN0NxC&_nc_zt=23&_nc_ht=scontent-lga3-3.xx&edm=AKIiGfEEAAAA&_nc_gid=z6bkEWB-SMTfLWuvh32xgg&_nc_tpa=Q5bMBQEq3hRX2nrgHXai3JxO_4pXlD-_sVNHEy1A7FSYV4szMfUPeRN2K_klL45fBclzKonmBlXSW2wY7Q&oh=00_AQHh7zcU_Nm_manJqfD1qiN0EM0df3zWT0JM5NTk18cW5g&oe=6A7672D7,,,,,,257,26,1,284,,,,meta_recent_content,https://graph.facebook.com/v25.0/107579258704403,2026-08-03T08:08:24-04:00,,,,
,lady-sublime-facebook-page:external:107579258704403_421164864014692,lady-sublime-facebook-page,facebook,Facebook Page,Lady Sublime,107579258704403_421164864014692,2024-05-13T18:11:04+0000,2024-05-13,Facebook Page post,"When the days get longer, the skirts get shorter! ☀️☺️",post,https://www.facebook.com/984245981039908/posts/421164864014692,https://scontent-lga3-3.xx.fbcdn.net/v/t39.30808-6/487296759_635699205894589_8765010915068741393_n.jpg?stp=dst-jpg_s130x130_tt6&_nc_cat=104&ccb=1-7&_nc_sid=127cfc&_nc_ohc=GSd1VX6ny-YQ7kNvwGux0gW&_nc_oc=AdqHe4dwI6QhKAX-tj6HXDzdkzKhXlBdqF4ODR1WlJ4Z1xGhbmvgpU-7fCNeSoxa-94UQxeOfvZZsYvyMAAOfCXC&_nc_zt=23&_nc_ht=scontent-lga3-3.xx&edm=AKIiGfEEAAAA&_nc_gid=z6bkEWB-SMTfLWuvh32xgg&_nc_tpa=Q5bMBQF9FiYxxU1J9nj0Uydx9b5vPgNZb2fV0tjZemNRnY1Qjfc11CGhYC4V-cM-W7c79HPOJmzhHptNOg&oh=00_AQE5bBlmV5yZSJhSgXd2AUokNkzZhQlDeqluapjUN9e36Q&oe=6A76609D,https://scontent-lga3-3.xx.fbcdn.net/v/t39.30808-6/487296759_635699205894589_8765010915068741393_n.jpg?stp=dst-jpg_s720x720_tt6&_nc_cat=104&ccb=1-7&_nc_sid=127cfc&_nc_ohc=GSd1VX6ny-YQ7kNvwGux0gW&_nc_oc=AdqHe4dwI6QhKAX-tj6HXDzdkzKhXlBdqF4ODR1WlJ4Z1xGhbmvgpU-7fCNeSoxa-94UQxeOfvZZsYvyMAAOfCXC&_nc_zt=23&_nc_ht=scontent-lga3-3.xx&edm=AKIiGfEEAAAA&_nc_gid=z6bkEWB-SMTfLWuvh32xgg&_nc_tpa=Q5bMBQHxeHz19Pmkxsrfic7POlO1guFnlloMskhgJEhe7goui836KCPLNFsWwEMid0J1xEonT1tLkXlcTw&oh=00_AQF6OfhpEfofHSPI39c2XEZMsFNjTJNWKoflGnrZNI20Jg&oe=6A76609D,,,,,,287,17,4,308,,,,meta_recent_content,https://graph.facebook.com/v25.0/107579258704403,2026-08-03T08:08:24-04:00,,,,
,lady-sublime-facebook-page:external:107579258704403_412012284929950,lady-sublime-facebook-page,facebook,Facebook Page,Lady Sublime,107579258704403_412012284929950,2024-04-28T21:00:04+0000,2024-04-28,Facebook Page post,That round thing in your face 🍑,post,https://www.facebook.com/984245981039908/posts/412012284929950,https://scontent-lga3-2.xx.fbcdn.net/v/t39.30808-6/486813318_635686499229193_2697103179816699249_n.jpg?stp=dst-jpg_s130x130_tt6&_nc_cat=100&ccb=1-7&_nc_sid=127cfc&_nc_ohc=IgtxrX6uY84Q7kNvwExNzFl&_nc_oc=AdqKW3EVIuTJVieKE1pfjaftT-CzL4-ogXyJrqWqPfM6UYy7XAEGgcptHQ5g2lMZAArIC8djgdAOz2yG3pQSHS0W&_nc_zt=23&_nc_ht=scontent-lga3-2.xx&edm=AKIiGfEEAAAA&_nc_gid=z6bkEWB-SMTfLWuvh32xgg&_nc_tpa=Q5bMBQHsTdi8rnsZ7ABzhR5lq02DT_YRCvp6nS8o8aeaVHq5YBfXM_h5HZVE20jHYokDSRDKAN-IWMwmqA&oh=00_AQEh4_syI5m3B0nd7ptNFD5UQUaOggPvyePK_VluSy-gqw&oe=6A7671C4,https://scontent-lga3-2.xx.fbcdn.net/v/t39.30808-6/486813318_635686499229193_2697103179816699249_n.jpg?stp=dst-jpg_s720x720_tt6&_nc_cat=100&ccb=1-7&_nc_sid=127cfc&_nc_ohc=IgtxrX6uY84Q7kNvwExNzFl&_nc_oc=AdqKW3EVIuTJVieKE1pfjaftT-CzL4-ogXyJrqWqPfM6UYy7XAEGgcptHQ5g2lMZAArIC8djgdAOz2yG3pQSHS0W&_nc_zt=23&_nc_ht=scontent-lga3-2.xx&edm=AKIiGfEEAAAA&_nc_gid=z6bkEWB-SMTfLWuvh32xgg&_nc_tpa=Q5bMBQFCQ8wYbZ3uqshdBj9xOxQsfx_Haua-u55uyGQnjd2DtMqiOxcTS_5wE2ems_uW1ShBsGuSQyOgxg&oh=00_AQFJtYfYHWr8JYo1-jHnqILier_M1XkaLrcLTu5h32GPeA&oe=6A7671C4,,,,,,343,26,5,374,,,,meta_recent_content,https://graph.facebook.com/v25.0/107579258704403,2026-08-03T08:08:24-04:00,,,,
