account_id,platform,platform_key,handle,latest_success,latest_event_id,latest_snapshot_id,daily_required,latest_attempt,status,error_message,status_detail,updated_today,snapshot_age_days,value_state,collection_mode
girlfriend-instagram,Instagram,instagram,officialladysublime,2026-08-01T10:25:50-04:00,903,551,True,2026-08-01T10:25:50-04:00,ok,,Exact source data was collected today.,True,0,current,automatic
girlfriend-x,X,x,LadySublimeBBW,2026-08-01T10:25:58-04:00,907,555,True,2026-08-01T10:25:58-04:00,ok,,Exact source data was collected today.,True,0,current,automatic
lady-sublime-facebook-page,Facebook Page,facebook,Lady Sublime,2026-08-01T10:25:54-04:00,904,552,True,2026-08-01T10:25:54-04:00,ok,,Exact source data was collected today.,True,0,current,automatic
lady-sublime-threads,Threads,threads,officialladysublime,2026-08-01T10:23:01-04:00,897,550,True,2026-08-01T10:23:01-04:00,ok,,Exact source data was collected today.,True,0,current,persistent_browser
lady-sublime-onlyfans,OnlyFans,onlyfans,LadySublimeSSBBW,2026-07-20T13:54:06-04:00,914,435,True,2026-08-01T10:25:50-04:00,awaiting_manual,No exact user-supplied value was recorded for 2026-08-01; the last-good value is carried forward.,No exact user-supplied value was recorded for 2026-08-01; the last-good value is carried forward.,False,12,carried_forward,manual
lady-sublime-curvage,Curvage,curvage,https://curvage.org/forum/index.php?/profile/212446-ladysublimessbbw/,2026-07-30T08:12:44-04:00,911,540,True,2026-08-01T10:25:59-04:00,error,"HTTP 403 from https://curvage.org/forum/index.php?/profile/212446-ladysublimessbbw/: <!DOCTYPE html>
<html lang=""en-US"" dir=""ltr"">
	<head>
		<meta charset=""utf-8"">
        
            

<!-- IPS Data Layer Start -->
<script>
    /* IPS Configuration */
    const IpsDataLayerConfig = {""_events"":{""account_login"":{""enabled"":true,""formatted_name"":""account_login""},""account_logout"":{""enabled"":true,""formatted_name"":""account_logout""},""account_register"":{""enabled"":true,""formatted_name"":""account_register""},""content_comment"":{""enabled"":true,""formatted_name"":""content_comment""},""content_cre","HTTP 403 from https://curvage.org/forum/index.php?/profile/212446-ladysublimessbbw/: <!DOCTYPE html>
<html lang=""en-US"" dir=""ltr"">
	<head>
		<meta charset=""utf-8"">
        
            

<!-- IPS Data Layer Start -->
<script>
    /* IPS Configuration */
    const IpsDataLayerConfig = {""_events"":{""account_login"":{""enabled"":true,""formatted_name"":""account_login""},""account_logout"":{""enabled"":true,""formatted_name"":""account_logout""},""account_register"":{""enabled"":true,""formatted_name"":""account_register""},""content_comment"":{""enabled"":true,""formatted_name"":""content_comment""},""content_cre",False,2,carried_forward,automatic_then_real_chrome
lady-sublime-reddit-profile,Reddit Profile,reddit,LadySublimeSSBBW,2026-07-30T08:06:37-04:00,896,531,True,2026-08-01T10:22:59-04:00,blocked,Reddit blocked the automated browser with a verification challenge; use the approved logged-in real-Chrome handoff.,Reddit blocked the automated browser with a verification challenge; use the approved logged-in real-Chrome handoff.,False,2,carried_forward,persistent_browser_then_real_chrome
girlfriend-youtube,YouTube,youtube,@ladysublimessbbw,2026-08-01T10:25:58-04:00,906,554,True,2026-08-01T10:25:58-04:00,ok,,Exact source data was collected today.,True,0,current,automatic
girlfriend-tiktok,TikTok,tiktok,ladysublimessbbw,2026-08-01T10:25:58-04:00,905,553,True,2026-08-01T10:25:58-04:00,ok,,Exact source data was collected today.,True,0,current,automatic
lady-sublime-manyvids,ManyVids,manyvids,LadySublimeSSBBW,2026-08-01T10:25:59-04:00,910,558,True,2026-08-01T10:25:59-04:00,ok,,Exact source data was collected today.,True,0,current,automatic
lady-sublime-clips4sale,Clips4Sale,clips4sale,Lady Sublime SSBBW,2026-08-01T10:25:58-04:00,909,557,True,2026-08-01T10:25:58-04:00,ok,,Exact source data was collected today.,True,0,current,automatic
lady-sublime-feabie,Feabie,feabie,LadySublimeSSBBW,2026-07-27T08:06:46-04:00,898,498,True,2026-08-01T10:23:06-04:00,needs_login,Feabie requires a fresh browser login.,Feabie requires a fresh browser login.,False,5,carried_forward,persistent_browser_then_real_chrome
lady-sublime-bluesky,Bluesky,bluesky,ladysublimessbbw.bsky.social,2026-08-01T10:25:58-04:00,908,556,True,2026-08-01T10:25:58-04:00,ok,,Exact source data was collected today.,True,0,current,automatic
